This is LuaHBTeX, Version 1.22.0 (TeX Live 2025)  (format=lualatex 2026.2.26)  11 SEP 2026 15:20
 restricted system commands enabled.
**lecture06.tex
(./lecture06.tex
LaTeX2e <2025-11-01>
L3 programming layer <2026-01-19>
Lua module: luaotfload 2024-12-03 v3.29 Lua based OpenType font support
Lua module: lualibs 2023-07-13 v2.76 ConTeXt Lua standard libraries.
Lua module: lualibs-extended 2023-07-13 v2.76 ConTeXt Lua libraries -- extended collection.
luaotfload | conf : Root cache directory is "/var/folders/gg/bhhs5n316gjfc4f55jzf3rbc0000gn/T/gradmacro-review-20260911-p_t9g24l/cache-lecture06/texmf/luatex-cache/generic/names".
luaotfload | init : Loading fontloader "fontloader-2023-12-28.lua" from kpse-resolved path "/Users/kenjimyzk/Library/TinyTeX/texmf-dist/tex/luatex/luaotfload/fontloader-2023-12-28.lua".
Lua-only attribute luaotfload@noligature = 1
luaotfload | init : Context OpenType loader version 3.134
Inserting `luaotfload.node_processor' in `pre_linebreak_filter'.
Inserting `luaotfload.node_processor' in `hpack_filter'.
Inserting `luaotfload.glyph_stream' in `glyph_stream_provider'.
Inserting `luaotfload.define_font' in `define_font'.
Lua-only attribute luaotfload_color_attribute = 2
luaotfload | conf : Root cache directory is "/var/folders/gg/bhhs5n316gjfc4f55jzf3rbc0000gn/T/gradmacro-review-20260911-p_t9g24l/cache-lecture06/texmf/luatex-cache/generic/names".
Inserting `luaotfload.harf.strip_prefix' in `find_opentype_file'.
Inserting `luaotfload.harf.strip_prefix' in `find_truetype_file'.
Removing  `luaotfload.glyph_stream' from `glyph_stream_provider'.
Inserting `luaotfload.harf.glyphstream' in `glyph_stream_provider'.
Inserting `luaotfload.harf.finalize_vlist' in `post_linebreak_filter'.
Inserting `luaotfload.harf.finalize_hlist' in `hpack_filter'.
Inserting `luaotfload.cleanup_files' in `wrapup_run'.
Inserting `luaotfload.harf.finalize_unicode' in `finish_pdffile'.
Inserting `luaotfload.glyphinfo' in `glyph_info'.
Lua-only attribute luaotfload.letterspace_done = 3
Inserting `luaotfload.aux.set_sscale_dimens' in `luaotfload.patch_font'.
Inserting `luaotfload.aux.set_font_index' in `luaotfload.patch_font'.
Inserting `luaotfload.aux.patch_cambria_domh' in `luaotfload.patch_font'.
Inserting `luaotfload.aux.fixup_fontdata' in `luaotfload.patch_font_unsafe'.
Inserting `luaotfload.aux.set_capheight' in `luaotfload.patch_font'.
Inserting `luaotfload.aux.set_xheight' in `luaotfload.patch_font'.
Inserting `luaotfload.rewrite_fontname' in `luaotfload.patch_font'.
Inserting `tracingstacklevels' in `input_level_string'. (/Users/kenjimyzk/Library/TinyTeX/texmf-dist/tex/luatex/luatexja/ltjsarticle.cls
Document Class: ltjsarticle 2025-05-26 ltjsclasses 
(/Users/kenjimyzk/Library/TinyTeX/texmf-dist/tex/luatex/luatexja/luatexja.sty
Package: luatexja 2026-01-30 Japanese Typesetting with Lua(La)TeX
(/Users/kenjimyzk/Library/TinyTeX/texmf-dist/tex/luatex/luatexja/luatexja-core.sty
Package: luatexja-core 2023-10-07 Core of LuaTeX-ja
(/Users/kenjimyzk/Library/TinyTeX/texmf-dist/tex/generic/infwarerr/infwarerr.sty
Package: infwarerr 2019/12/03 v1.5 Providing info/warning/error messages (HO)
) (/Users/kenjimyzk/Library/TinyTeX/texmf-dist/tex/luatex/luatexbase/luatexbase.sty
Package: luatexbase 2015/10/04 v1.3 luatexbase interface to LuaTeX 
(/Users/kenjimyzk/Library/TinyTeX/texmf-dist/tex/luatex/ctablestack/ctablestack.sty
Package: ctablestack 2015/10/01 v1.0 Catcode table stable support
\@catcodetablestackcnt=\count273
)
\CatcodeTableOther=\catcodetable14
\CatcodeTableExpl=\catcodetable15
) (/Users/kenjimyzk/Library/TinyTeX/texmf-dist/tex/generic/ltxcmds/ltxcmds.sty
Package: ltxcmds 2023-12-04 v1.26 LaTeX kernel commands for general use (HO)
) (/Users/kenjimyzk/Library/TinyTeX/texmf-dist/tex/generic/pdftexcmds/pdftexcmds.sty
Package: pdftexcmds 2020-06-27 v0.33 Utility functions of pdfTeX for LuaTeX (HO)
(/Users/kenjimyzk/Library/TinyTeX/texmf-dist/tex/generic/iftex/iftex.sty
Package: iftex 2024/12/12 v1.0g TeX engine tests
)
Package pdftexcmds Info: \pdf@primitive is available.
Package pdftexcmds Info: \pdf@ifprimitive is available.
Package pdftexcmds Info: \pdfdraftmode found.
\pdftexcmds@toks=\toks17
) (/Users/kenjimyzk/Library/TinyTeX/texmf-dist/tex/latex/xkeyval/xkeyval.sty
Package: xkeyval 2025/11/04 v2.10 package option processing (HA)
(/Users/kenjimyzk/Library/TinyTeX/texmf-dist/tex/generic/xkeyval/xkeyval.tex (/Users/kenjimyzk/Library/TinyTeX/texmf-dist/tex/generic/xkeyval/xkvutils.tex
\XKV@toks=\toks18
\XKV@tempa@toks=\toks19
\XKV@tempb@toks=\toks20
(/Users/kenjimyzk/Library/TinyTeX/texmf-dist/tex/generic/xkeyval/keyval.tex))
\XKV@depth=\count274
File: xkeyval.tex 2014/12/03 v2.7a key=value parser (HA)
)) (/Users/kenjimyzk/Library/TinyTeX/texmf-dist/tex/latex/etoolbox/etoolbox.sty
Package: etoolbox 2025/10/02 v2.5m e-TeX tools for LaTeX (JAW)
\etb@tempcnta=\count275
) (/Users/kenjimyzk/Library/TinyTeX/texmf-dist/tex/latex/everyhook/everyhook.sty (/Users/kenjimyzk/Library/TinyTeX/texmf-dist/tex/latex/svn-prov/svn-prov.sty
Package: svn-prov 2010/04/24 v3.1862 Package Date/Version from SVN Keywords
)
Package: everyhook 2014/11/26 v1.2 (SVN Rev: 12)\ Hooks for low level TeX everyX primitives.
\everypar=\toks21
\frozen@everymath=\toks22
\frozen@everydisplay=\toks23
\everyhbox=\toks24
\everyvbox=\toks25
\everycr=\toks26
)
\ltjlineendcomment=\count276
\ltj@dimen@zw=\dimen147
\ltj@dimen@zh=\dimen148
\ltj@dimen@jQ=\dimen149
\ltj@icflag=\attribute4
\ltj@curjfnt=\attribute5
\ltj@curtfnt=\attribute6
\ltj@charclass=\attribute7
\ltj@charcode=\attribute8
\ltj@autospc=\attribute9
\ltj@autoxspc=\attribute10
\ltj@yablshift=\attribute11
\ltj@ykblshift=\attribute12
\ltj@tablshift=\attribute13
\ltj@tkblshift=\attribute14
\jfam=\attribute15
\ltj@vert@ori=\attribute16
\ltj@dir=\attribute17
\ltj@@japanese=\language2
\ltj@tempcnta=\count277
\ltj@tempdima=\dimen150
\ltj@@stack=\count278
\ltj@@group@level=\count279
\ltj@kcat0=\attribute18
\ltj@kcat1=\attribute19
\ltj@kcat2=\attribute20
\ltj@kcat3=\attribute21
\ltj@kcat4=\attribute22
\ltj@kcat5=\attribute23
\ltj@kcat6=\attribute24
Custom whatsit inhibitglue = 1
Custom whatsit stack_marker = 2
Custom whatsit begin_par = 3
Custom whatsit direction = 4
Custom whatsit box_boundary = 5
Custom whatsit ja_al_boundary = 6(load cache: ltj-cid-auto-adobe-japan1.luc)
Lua module: luatexja.charrange 2022-08-19 Handling the range of Japanese characters
Lua module: luatexja.stack 2022-08-20 LuaTeX-ja stack system
Inserting `ltj.create_dir_whatsit' in `hpack_filter'.
Inserting `ltj.create_dir_whatsit' in `post_linebreak_filter'.
Inserting `ltj.direction' in `vpack_filter'.
Inserting `ltj.direction' in `pre_output_filter'.
Inserting `ltj.lineskip' in `post_linebreak_filter'.
Inserting `ltj.lineskip' in `append_to_vlist_filter'.
Lua module: luatexja.jfont 2025-05-04 Loader for Japanese fonts
Removing  `luaotfload.define_font' from `define_font'.
Inserting `luatexja.font_callback' in `define_font'.
Removing  `luaotfload.aux.set_sscale_dimens' from `luaotfload.patch_font'.
Removing  `luaotfload.aux.set_font_index' from `luaotfload.patch_font'.
Removing  `luaotfload.aux.patch_cambria_domh' from `luaotfload.patch_font'.
Removing  `luaotfload.aux.set_capheight' from `luaotfload.patch_font'.
Removing  `luaotfload.aux.set_xheight' from `luaotfload.patch_font'.
Removing  `luaotfload.rewrite_fontname' from `luaotfload.patch_font'.
Inserting `ltj.prepare_extra_data' in `luaotfload.patch_font'.
Inserting `luaotfload.aux.set_sscale_dimens' in `luaotfload.patch_font'.
Inserting `luaotfload.aux.set_font_index' in `luaotfload.patch_font'.
Inserting `luaotfload.aux.patch_cambria_domh' in `luaotfload.patch_font'.
Inserting `luaotfload.aux.set_capheight' in `luaotfload.patch_font'.
Inserting `luaotfload.aux.set_xheight' in `luaotfload.patch_font'.
Inserting `luaotfload.rewrite_fontname' in `luaotfload.patch_font'.
Inserting `ltj.prepare_extra_data' in `luatexja.define_font'.
Inserting `ltj.get_vert_form' in `luatexja.define_jfont'.
Removing  `ltj.prepare_extra_data' from `luaotfload.patch_font'.
Removing  `luaotfload.aux.set_sscale_dimens' from `luaotfload.patch_font'.
Removing  `luaotfload.aux.set_font_index' from `luaotfload.patch_font'.
Removing  `luaotfload.aux.patch_cambria_domh' from `luaotfload.patch_font'.
Removing  `luaotfload.aux.set_capheight' from `luaotfload.patch_font'.
Removing  `luaotfload.aux.set_xheight' from `luaotfload.patch_font'.
Removing  `luaotfload.rewrite_fontname' from `luaotfload.patch_font'.
Inserting `ltj.supply_tounicode' in `luaotfload.patch_font'.
Inserting `ltj.prepare_extra_data' in `luaotfload.patch_font'.
Inserting `luaotfload.aux.set_sscale_dimens' in `luaotfload.patch_font'.
Inserting `luaotfload.aux.set_font_index' in `luaotfload.patch_font'.
Inserting `luaotfload.aux.patch_cambria_domh' in `luaotfload.patch_font'.
Inserting `luaotfload.aux.set_capheight' in `luaotfload.patch_font'.
Inserting `luaotfload.aux.set_xheight' in `luaotfload.patch_font'.
Inserting `luaotfload.rewrite_fontname' in `luaotfload.patch_font'.
Inserting `ltj.process_input_buffer' in `process_input_buffer'.
Inserting `ltj.hyphenate' in `hyphenate'.
Removing  `luaotfload.node_processor' from `hpack_filter'.
Removing  `luaotfload.harf.finalize_hlist' from `hpack_filter'.
Removing  `ltj.create_dir_whatsit' from `hpack_filter'.
Inserting `ltj.set_stack_level' in `hpack_filter'.
Inserting `luaotfload.node_processor' in `hpack_filter'.
Inserting `luaotfload.harf.finalize_hlist' in `hpack_filter'.
Inserting `ltj.create_dir_whatsit' in `hpack_filter'.
Removing  `luaotfload.node_processor' from `pre_linebreak_filter'.
Inserting `ltj.set_stack_level' in `pre_linebreak_filter'.
Inserting `luaotfload.node_processor' in `pre_linebreak_filter'.
Lua module: luatexja.jfmglue 2026-01-07 Insertion process of JFM glues, [x]kanjiskip and others
Inserting `luatexja.beginpar.np_info' in `luatexja.jfmglue.whatsit_getinfo'.
Inserting `luatexja.beginpar.np_info_after' in `luatexja.jfmglue.whatsit_after'.
Inserting `ltj.mlist_to_hlist_pre' in `pre_mlist_to_hlist_filter'.
Inserting `ltj.main' in `pre_linebreak_filter'.
Removing  `luaotfload.harf.finalize_hlist' from `hpack_filter'.
Removing  `ltj.create_dir_whatsit' from `hpack_filter'.
Inserting `ltj.main' in `hpack_filter'.
Inserting `luaotfload.harf.finalize_hlist' in `hpack_filter'.
Inserting `ltj.create_dir_whatsit' in `hpack_filter'.
Removing  `ltj.set_stack_level' from `pre_linebreak_filter'.
Removing  `luaotfload.node_processor' from `pre_linebreak_filter'.
Removing  `ltj.main' from `pre_linebreak_filter'.
Inserting `ltj.adjust_icflag' in `pre_linebreak_filter'.
Inserting `ltj.set_stack_level' in `pre_linebreak_filter'.
Inserting `luaotfload.node_processor' in `pre_linebreak_filter'.
Inserting `ltj.main' in `pre_linebreak_filter'.
Removing  `ltj.set_stack_level' from `hpack_filter'.
Removing  `luaotfload.node_processor' from `hpack_filter'.
Removing  `ltj.main' from `hpack_filter'.
Removing  `luaotfload.harf.finalize_hlist' from `hpack_filter'.
Removing  `ltj.create_dir_whatsit' from `hpack_filter'.
Inserting `ltj.adjust_icflag' in `hpack_filter'.
Inserting `ltj.set_stack_level' in `hpack_filter'.
Inserting `luaotfload.node_processor' in `hpack_filter'.
Inserting `ltj.main' in `hpack_filter'.
Inserting `luaotfload.harf.finalize_hlist' in `hpack_filter'.
Inserting `ltj.create_dir_whatsit' in `hpack_filter'. (/Users/kenjimyzk/Library/TinyTeX/texmf-dist/tex/luatex/luatexja/ltj-base.sty
Package: ltj-base 2021-03-16
\ltj@tempcntb=\count280
\ltj@tempcntc=\count281
\ltj@afbox=\box53
)
\ltj@@italic@inner=\luafunction31
\ltj@@start@time@measure@inner=\luafunction32
\ltj@@stop@time@measure@inner=\luafunction33
\ltj@@jfont@inner=\luafunction34
\ltj@zw@inner=\luafunction35
\ltj@zh@inner=\luafunction36
\ltj@reset@globaldefs@inner=\luafunction37
\ltj@restore@globaldefs@inner=\luafunction38
\ltj@@disihb@inner=\luafunction39
\ltj@@ihb@inner=\luafunction40
\ltj@@fakeparbegin@inner=\luafunction41
\ltj@@fakeboxbdd@inner=\luafunction42
\ltj@@ins@xk@inner=\luafunction43
\ltj@@ins@k@inner=\luafunction44
\ltjsetkanjiskip@inner=\luafunction45
\ltjsetxkanjiskip@inner=\luafunction46
\ltj@@getparam@one@inner=\luafunction47
\ltj@alljachar@inner=\luafunction48
\ltj@@lua@populate@insertwhatsit@inner=\luafunction49
\ltj@@vadjust@begin@inner=\luafunction50
\ltj@@vadjust@dirhook@inner=\luafunction51
\ltj@@vadjust@check@dir@inner=\luafunction52
\ltj@@box@dirhook@inner=\luafunction53
\ltj@@reset@badness@inner=\luafunction54
\ltj@@lua@raisebox@inner=\luafunction55
\ltj@@vsplit@inner=\luafunction56
\ltj@@lua@unboxcheckdir@inner=\luafunction57
\ltj@@lua@uncopycheckdir@inner=\luafunction58
\ltj@@lua@uncopy@restore@whatsit@inner=\luafunction59
(load cache: ltj-kinsoku_default.luc) (/Users/kenjimyzk/Library/TinyTeX/texmf-dist/tex/luatex/luatexja/ltj-latex.sty
Package: ltj-latex 2025-06-08 LaTeX support of LuaTeX-ja
Inserting `ltj.direction' in `pre_shipout_filter'. (/Users/kenjimyzk/Library/TinyTeX/texmf-dist/tex/luatex/luatexja/patches/lltjfont.sty
Package: lltjfont 2025-10-26 Patch to NFSS2 for LuaTeX-ja
\ltj@@latex@plv=\count282
(/Users/kenjimyzk/Library/TinyTeX/texmf-dist/tex/latex/base/tuenc.def
File: tuenc.def 2025/07/18 v2.1d Standard LaTeX file
\@remove@tlig@@@=\luafunction60
LaTeX Font Info:    Redeclaring font encoding TU on input line 105.
LaTeX Encoding Info:    Redeclaring text command \textquotesingle (encoding TU) on input line 148.
LaTeX Encoding Info:    Redeclaring text command \textasciigrave (encoding TU) on input line 149.
LaTeX Encoding Info:    Redeclaring text command \textquotedbl (encoding TU) on input line 150.
LaTeX Encoding Info:    Redeclaring text command \textdollar (encoding TU) on input line 151.
LaTeX Encoding Info:    Redeclaring text command \textless (encoding TU) on input line 152.
LaTeX Encoding Info:    Redeclaring text command \textgreater (encoding TU) on input line 153.
LaTeX Encoding Info:    Redeclaring text command \textbackslash (encoding TU) on input line 154.
LaTeX Encoding Info:    Redeclaring text command \textasciicircum (encoding TU) on input line 155.
LaTeX Encoding Info:    Redeclaring text command \textunderscore (encoding TU) on input line 156.
LaTeX Encoding Info:    Redeclaring text command \textbraceleft (encoding TU) on input line 157.
LaTeX Encoding Info:    Redeclaring text command \textbar (encoding TU) on input line 158.
LaTeX Encoding Info:    Redeclaring text command \textbraceright (encoding TU) on input line 159.
LaTeX Encoding Info:    Redeclaring text command \textasciitilde (encoding TU) on input line 160.
LaTeX Encoding Info:    Redeclaring text command \textexclamdown (encoding TU) on input line 161.
LaTeX Encoding Info:    Redeclaring text command \textcent (encoding TU) on input line 162.
LaTeX Encoding Info:    Redeclaring text command \textsterling (encoding TU) on input line 163.
LaTeX Encoding Info:    Redeclaring text command \textcurrency (encoding TU) on input line 164.
LaTeX Encoding Info:    Redeclaring text command \textyen (encoding TU) on input line 165.
LaTeX Encoding Info:    Redeclaring text command \textbrokenbar (encoding TU) on input line 166.
LaTeX Encoding Info:    Redeclaring text command \textsection (encoding TU) on input line 167.
LaTeX Encoding Info:    Redeclaring text command \textasciidieresis (encoding TU) on input line 168.
LaTeX Encoding Info:    Redeclaring text command \textcopyright (encoding TU) on input line 169.
LaTeX Encoding Info:    Redeclaring text command \textordfeminine (encoding TU) on input line 170.
LaTeX Encoding Info:    Redeclaring text command \guillemetleft (encoding TU) on input line 171.
LaTeX Encoding Info:    Redeclaring text command \guillemotleft (encoding TU) on input line 172.
LaTeX Encoding Info:    Redeclaring text command \textlnot (encoding TU) on input line 173.
LaTeX Encoding Info:    Redeclaring text command \textregistered (encoding TU) on input line 174.
LaTeX Encoding Info:    Redeclaring text command \textasciimacron (encoding TU) on input line 175.
LaTeX Encoding Info:    Redeclaring text command \textdegree (encoding TU) on input line 176.
LaTeX Encoding Info:    Redeclaring text command \textpm (encoding TU) on input line 177.
LaTeX Encoding Info:    Redeclaring text command \texttwosuperior (encoding TU) on input line 178.
LaTeX Encoding Info:    Redeclaring text command \textthreesuperior (encoding TU) on input line 179.
LaTeX Encoding Info:    Redeclaring text command \textasciiacute (encoding TU) on input line 180.
LaTeX Encoding Info:    Redeclaring text command \textmu (encoding TU) on input line 181.
LaTeX Encoding Info:    Redeclaring text command \textparagraph (encoding TU) on input line 182.
LaTeX Encoding Info:    Redeclaring text command \textperiodcentered (encoding TU) on input line 183.
LaTeX Encoding Info:    Redeclaring text command \textonesuperior (encoding TU) on input line 184.
LaTeX Encoding Info:    Redeclaring text command \textordmasculine (encoding TU) on input line 185.
LaTeX Encoding Info:    Redeclaring text command \guillemetright (encoding TU) on input line 186.
LaTeX Encoding Info:    Redeclaring text command \guillemotright (encoding TU) on input line 187.
LaTeX Encoding Info:    Redeclaring text command \textonequarter (encoding TU) on input line 188.
LaTeX Encoding Info:    Redeclaring text command \textonehalf (encoding TU) on input line 189.
LaTeX Encoding Info:    Redeclaring text command \textthreequarters (encoding TU) on input line 190.
LaTeX Encoding Info:    Redeclaring text command \textquestiondown (encoding TU) on input line 191.
LaTeX Encoding Info:    Redeclaring text command \AE (encoding TU) on input line 192.
LaTeX Encoding Info:    Redeclaring text command \DH (encoding TU) on input line 193.
LaTeX Encoding Info:    Redeclaring text command \texttimes (encoding TU) on input line 194.
LaTeX Encoding Info:    Redeclaring text command \O (encoding TU) on input line 195.
LaTeX Encoding Info:    Redeclaring text command \TH (encoding TU) on input line 196.
LaTeX Encoding Info:    Redeclaring text command \ss (encoding TU) on input line 197.
LaTeX Encoding Info:    Redeclaring text command \ae (encoding TU) on input line 198.
LaTeX Encoding Info:    Redeclaring text command \dh (encoding TU) on input line 199.
LaTeX Encoding Info:    Redeclaring text command \textdiv (encoding TU) on input line 200.
LaTeX Encoding Info:    Redeclaring text command \o (encoding TU) on input line 201.
LaTeX Encoding Info:    Redeclaring text command \th (encoding TU) on input line 202.
LaTeX Encoding Info:    Redeclaring text command \DJ (encoding TU) on input line 203.
LaTeX Encoding Info:    Redeclaring text command \dj (encoding TU) on input line 204.
LaTeX Encoding Info:    Redeclaring text command \i (encoding TU) on input line 205.
LaTeX Encoding Info:    Redeclaring text command \IJ (encoding TU) on input line 206.
LaTeX Encoding Info:    Redeclaring text command \ij (encoding TU) on input line 207.
LaTeX Encoding Info:    Redeclaring text command \L (encoding TU) on input line 208.
LaTeX Encoding Info:    Redeclaring text command \l (encoding TU) on input line 209.
LaTeX Encoding Info:    Redeclaring text command \NG (encoding TU) on input line 210.
LaTeX Encoding Info:    Redeclaring text command \ng (encoding TU) on input line 211.
LaTeX Encoding Info:    Redeclaring text command \OE (encoding TU) on input line 212.
LaTeX Encoding Info:    Redeclaring text command \oe (encoding TU) on input line 213.
LaTeX Encoding Info:    Redeclaring text command \textflorin (encoding TU) on input line 214.
LaTeX Encoding Info:    Redeclaring text command \j (encoding TU) on input line 215.
LaTeX Encoding Info:    Redeclaring text command \textasciicaron (encoding TU) on input line 216.
LaTeX Encoding Info:    Redeclaring text command \textasciibreve (encoding TU) on input line 217.
LaTeX Encoding Info:    Redeclaring text command \textacutedbl (encoding TU) on input line 218.
LaTeX Encoding Info:    Redeclaring text command \textgravedbl (encoding TU) on input line 219.
LaTeX Encoding Info:    Redeclaring text command \texttildelow (encoding TU) on input line 220.
LaTeX Encoding Info:    Redeclaring text command \textbaht (encoding TU) on input line 221.
LaTeX Encoding Info:    Redeclaring text command \SS (encoding TU) on input line 222.
LaTeX Encoding Info:    Redeclaring text command \textcompwordmark (encoding TU) on input line 223.
LaTeX Encoding Info:    Redeclaring text command \textendash (encoding TU) on input line 224.
LaTeX Encoding Info:    Redeclaring text command \textemdash (encoding TU) on input line 225.
LaTeX Encoding Info:    Redeclaring text command \textnonbreakinghyphen (encoding TU) on input line 226.
LaTeX Encoding Info:    Redeclaring text command \textfiguredash (encoding TU) on input line 228.
LaTeX Encoding Info:    Redeclaring text command \texthorizontalbar (encoding TU) on input line 230.
LaTeX Encoding Info:    Redeclaring text command \textbardbl (encoding TU) on input line 232.
LaTeX Encoding Info:    Redeclaring text command \textquoteleft (encoding TU) on input line 233.
LaTeX Encoding Info:    Redeclaring text command \textquoteright (encoding TU) on input line 234.
LaTeX Encoding Info:    Redeclaring text command \quotesinglbase (encoding TU) on input line 235.
LaTeX Encoding Info:    Redeclaring text command \textquotedblleft (encoding TU) on input line 236.
LaTeX Encoding Info:    Redeclaring text command \textquotedblright (encoding TU) on input line 237.
LaTeX Encoding Info:    Redeclaring text command \quotedblbase (encoding TU) on input line 238.
LaTeX Encoding Info:    Redeclaring text command \textdagger (encoding TU) on input line 239.
LaTeX Encoding Info:    Redeclaring text command \textdaggerdbl (encoding TU) on input line 240.
LaTeX Encoding Info:    Redeclaring text command \textbullet (encoding TU) on input line 241.
LaTeX Encoding Info:    Redeclaring text command \textellipsis (encoding TU) on input line 242.
LaTeX Encoding Info:    Redeclaring text command \textperthousand (encoding TU) on input line 243.
LaTeX Encoding Info:    Redeclaring text command \textpertenthousand (encoding TU) on input line 244.
LaTeX Encoding Info:    Redeclaring text command \guilsinglleft (encoding TU) on input line 245.
LaTeX Encoding Info:    Redeclaring text command \guilsinglright (encoding TU) on input line 246.
LaTeX Encoding Info:    Redeclaring text command \textreferencemark (encoding TU) on input line 247.
LaTeX Encoding Info:    Redeclaring text command \textinterrobang (encoding TU) on input line 248.
LaTeX Encoding Info:    Redeclaring text command \textfractionsolidus (encoding TU) on input line 249.
LaTeX Encoding Info:    Redeclaring text command \textlquill (encoding TU) on input line 250.
LaTeX Encoding Info:    Redeclaring text command \textrquill (encoding TU) on input line 251.
LaTeX Encoding Info:    Redeclaring text command \textdiscount (encoding TU) on input line 252.
LaTeX Encoding Info:    Redeclaring text command \textcolonmonetary (encoding TU) on input line 253.
LaTeX Encoding Info:    Redeclaring text command \textlira (encoding TU) on input line 254.
LaTeX Encoding Info:    Redeclaring text command \textnaira (encoding TU) on input line 255.
LaTeX Encoding Info:    Redeclaring text command \textwon (encoding TU) on input line 256.
LaTeX Encoding Info:    Redeclaring text command \textdong (encoding TU) on input line 257.
LaTeX Encoding Info:    Redeclaring text command \texteuro (encoding TU) on input line 258.
LaTeX Encoding Info:    Redeclaring text command \textpeso (encoding TU) on input line 259.
LaTeX Encoding Info:    Redeclaring text command \textcelsius (encoding TU) on input line 260.
LaTeX Encoding Info:    Redeclaring text command \textnumero (encoding TU) on input line 261.
LaTeX Encoding Info:    Redeclaring text command \textcircledP (encoding TU) on input line 262.
LaTeX Encoding Info:    Redeclaring text command \textrecipe (encoding TU) on input line 263.
LaTeX Encoding Info:    Redeclaring text command \textservicemark (encoding TU) on input line 264.
LaTeX Encoding Info:    Redeclaring text command \texttrademark (encoding TU) on input line 265.
LaTeX Encoding Info:    Redeclaring text command \textohm (encoding TU) on input line 266.
LaTeX Encoding Info:    Redeclaring text command \textmho (encoding TU) on input line 267.
LaTeX Encoding Info:    Redeclaring text command \textestimated (encoding TU) on input line 268.
LaTeX Encoding Info:    Redeclaring text command \textleftarrow (encoding TU) on input line 269.
LaTeX Encoding Info:    Redeclaring text command \textuparrow (encoding TU) on input line 270.
LaTeX Encoding Info:    Redeclaring text command \textrightarrow (encoding TU) on input line 271.
LaTeX Encoding Info:    Redeclaring text command \textdownarrow (encoding TU) on input line 272.
LaTeX Encoding Info:    Redeclaring text command \textminus (encoding TU) on input line 273.
LaTeX Encoding Info:    Redeclaring text command \Hwithstroke (encoding TU) on input line 275.
LaTeX Encoding Info:    Redeclaring text command \hwithstroke (encoding TU) on input line 276.
LaTeX Encoding Info:    Redeclaring text command \textasteriskcentered (encoding TU) on input line 277.
LaTeX Encoding Info:    Redeclaring text command \textsurd (encoding TU) on input line 288.
LaTeX Encoding Info:    Redeclaring text command \textlangle (encoding TU) on input line 289.
LaTeX Encoding Info:    Redeclaring text command \textrangle (encoding TU) on input line 290.
LaTeX Encoding Info:    Redeclaring text command \textblank (encoding TU) on input line 291.
LaTeX Encoding Info:    Redeclaring text command \textvisiblespace (encoding TU) on input line 292.
LaTeX Encoding Info:    Redeclaring text command \textopenbullet (encoding TU) on input line 293.
LaTeX Encoding Info:    Redeclaring text command \textbigcircle (encoding TU) on input line 294.
LaTeX Encoding Info:    Redeclaring text command \textmusicalnote (encoding TU) on input line 295.
LaTeX Encoding Info:    Redeclaring text command \textmarried (encoding TU) on input line 296.
LaTeX Encoding Info:    Redeclaring text command \textdivorced (encoding TU) on input line 297.
LaTeX Encoding Info:    Redeclaring text command \textinterrobangdown (encoding TU) on input line 298.
LaTeX Encoding Info:    Redeclaring text command \` (encoding TU) on input line 299.
LaTeX Encoding Info:    Redeclaring text command \' (encoding TU) on input line 300.
LaTeX Encoding Info:    Redeclaring text command \^ (encoding TU) on input line 301.
LaTeX Encoding Info:    Redeclaring text command \~ (encoding TU) on input line 302.
LaTeX Encoding Info:    Redeclaring text command \= (encoding TU) on input line 303.
LaTeX Encoding Info:    Redeclaring text command \u (encoding TU) on input line 304.
LaTeX Encoding Info:    Redeclaring text command \. (encoding TU) on input line 305.
LaTeX Encoding Info:    Redeclaring text command \" (encoding TU) on input line 306.
LaTeX Encoding Info:    Redeclaring text command \r (encoding TU) on input line 307.
LaTeX Encoding Info:    Redeclaring text command \H (encoding TU) on input line 308.
LaTeX Encoding Info:    Redeclaring text command \v (encoding TU) on input line 309.
LaTeX Encoding Info:    Redeclaring text command \b (encoding TU) on input line 310.
LaTeX Encoding Info:    Redeclaring text command \d (encoding TU) on input line 311.
LaTeX Encoding Info:    Redeclaring text command \c (encoding TU) on input line 312.
LaTeX Encoding Info:    Redeclaring text command \k (encoding TU) on input line 313.
LaTeX Encoding Info:    Redeclaring text command \textcommabelow (encoding TU) on input line 314.
)
\Cht=\dimen151
\cht=\dimen152
\Cdp=\dimen153
\cdp=\dimen154
\Cwd=\dimen155
\cwd=\dimen156
\Cvs=\dimen157
\cvs=\dimen158
\Chs=\dimen159
\chs=\dimen160
\cHT=\dimen161
\dstrutbox=\box54
\tstrutbox=\box55
\zstrutbox=\box56
LaTeX Info: Redefining \strut on input line 71.
\ltj@@add@fenc@@inner=\luafunction61
\ltj@@add@kyenc@@inner=\luafunction62
\ltj@@add@ktenc@@inner=\luafunction63
\ltj@@is@kyenc@@inner=\luafunction64
\ltj@@is@ktenc@@inner=\luafunction65
\ltj@@is@kenc@@inner=\luafunction66
\ltj@@is@ffam@@inner=\luafunction67
\ltj@@add@ffam@@inner=\luafunction68
\ltj@@add@kfam@@inner=\luafunction69
\ltj@@adjust@baseline@inner=\luafunction70
LaTeX Info: Redefining \fontencoding on input line 573.
LaTeX Info: Redefining \fontfamily on input line 619.
LaTeX Info: Redefining \fontseries on input line 813.
LaTeX Info: Redefining \fontseriesforce on input line 814.
LaTeX Info: Redefining \fontshape on input line 822.
LaTeX Info: Redefining \fontshapeforce on input line 833.
\ltj@@jfont@@jfmonly@@inner=\luafunction71
\ltj@@does@alt@set@@inner=\luafunction72
\ltj@@cipath@clear@inner=\luafunction73
) (/Users/kenjimyzk/Library/TinyTeX/texmf-dist/tex/luatex/luatexja/patches/lltjdefs.sty
Package: lltjdefs 2024-05-16 Default font settings of LuaTeX-ja
luaotfload | db : Font names database loaded from /var/folders/gg/bhhs5n316gjfc4f55jzf3rbc0000gn/T/gradmacro-review-20260911-p_t9g24l/cache-lecture06/texmf/luatex-cache/generic/names/luaotfload-names.luc.gz(load cache: extra_lmroman10-regular.luc)
LaTeX Font Info:    Font shape `JT3/mc/m/n' will be
(Font)              scaled to size 9.24713pt on input line 69.
(/Users/kenjimyzk/Library/TinyTeX/texmf-dist/tex/luatex/luatexja/jfm-ujisv.lua)
LaTeX Font Info:    Font shape `JY3/mc/m/n' will be
(Font)              scaled to size 9.24713pt on input line 69.
(load cache: extra_haranoajimincho-regular.luc)
(/Users/kenjimyzk/Library/TinyTeX/texmf-dist/tex/luatex/luatexja/jfm-ujis.lua)
\symmincho=\mathgroup4
LaTeX Font Info:    Overwriting symbol font `mincho' in version `bold'
(Font)                  JY3/mc/m/n --> JY3/gt/m/n on input line 78.
) (/Users/kenjimyzk/Library/TinyTeX/texmf-dist/tex/luatex/luatexja/patches/lltjcore.sty
Package: lltjcore 2025-06-12 Patch to LaTeX2e Kernel for LuaTeX-ja (for LaTeX2e >=2025-06-01)
(/Users/kenjimyzk/Library/TinyTeX/texmf-dist/tex/latex/l3kernel/expl3.sty
Package: expl3 2026-01-19 L3 programming layer (loader) 
(/Users/kenjimyzk/Library/TinyTeX/texmf-dist/tex/latex/l3backend/l3backend-luatex.def
File: l3backend-luatex.def 2025-10-09 L3 backend support: PDF output (LuaTeX)
\l__color_backend_stack_int=\count283
Inserting `l3color' in `luaotfload.parse_color'.))
\@tombowwidth=\dimen162
\@TL=\box57
\@Tl=\box58
\@TC=\box59
\@TR=\box60
\@Tr=\box61
\@BL=\box62
\@Bl=\box63
\@BC=\box64
\@BR=\box65
\@Br=\box66
\@CL=\box67
\@CR=\box68
(load cache: extra_lmmono9-regular.luc)
\@bannertoken=\toks27
\@@paperheight=\dimen163
\@@paperwidth=\dimen164
\@@topmargin=\dimen165
LaTeX Info: Redefining \underline on input line 300.
) (/Users/kenjimyzk/Library/TinyTeX/texmf-dist/tex/luatex/luatexja/patches/lltjp-atbegshi.sty
Package: lltjp-atbegshi 2024-05-14 Patching \shipout hooks for LuaTeX-ja
\l__platex_shipout_dummy_box=\box69
) (/Users/kenjimyzk/Library/TinyTeX/texmf-dist/tex/luatex/luatexja/patches/lltjp-geometry.sty
Package: lltjp-geometry 2024-05-16 Patch to geometry for LuaTeX-ja with vertical writing mode
(/Users/kenjimyzk/Library/TinyTeX/texmf-dist/tex/generic/iftex/ifluatex.sty
Package: ifluatex 2019/10/25 v1.5 ifluatex legacy package. Use iftex instead.
)))
\ltj@temp@cctb=\catcodetable16
) (/Users/kenjimyzk/Library/TinyTeX/texmf-dist/tex/luatex/luatexja/luatexja-compat.sty
Package: luatexja-compat 2025-09-21 Compatibility with pTeX
(load cache: ltj-jisx0208.luc)
\hour=\count284
\minute=\count285
))
\jsc@mpt=\dimen166
\jsc@mmm=\dimen167
\ltjs@@magnify@font@calc=\luafunction74
\jsc@smallskipamount=\skip49
(load cache: extra_lmroman8-regular.luc)
LaTeX Font Info:    Font shape `JY3/mc/m/n' will be
(Font)              scaled to size 7.70596pt on input line 417.
LaTeX Font Info:    Font shape `JT3/mc/m/n' will be
(Font)              scaled to size 9.24713pt on input line 417.
LaTeX Font Info:    Font shape `JY3/mc/m/n' will be
(Font)              scaled to size 9.24713pt on input line 417.
\fullwidth=\dimen168
LaTeX Font Info:    Font shape `JT3/mc/m/n' will be
(Font)              scaled to size 7.3977pt on input line 558.
LaTeX Font Info:    Font shape `JY3/mc/m/n' will be
(Font)              scaled to size 7.3977pt on input line 558.
\c@part=\count286
\c@section=\count287
\c@subsection=\count288
\c@subsubsection=\count289
\c@paragraph=\count290
\c@subparagraph=\count291
\@abstractbox=\box70
\c@figure=\count292
\c@table=\count293
\abovecaptionskip=\skip50
\belowcaptionskip=\skip51
LaTeX Info: Redefining \mc on input line 1213.
LaTeX Info: Redefining \gt on input line 1214.
\jsc@tocl@width=\dimen169
\@lnumwidth=\dimen170
\bibindent=\dimen171
LaTeX Info: Redefining \TeX on input line 1555.
LaTeX Info: Redefining \LaTeX on input line 1581.
LaTeX Info: Redefining \LaTeXe on input line 1606.
\heisei=\count294
) (/Users/kenjimyzk/Library/TinyTeX/texmf-dist/tex/latex/xcolor/xcolor.sty
Package: xcolor 2024/09/29 v3.02 LaTeX color extensions (UK)
(/Users/kenjimyzk/Library/TinyTeX/texmf-dist/tex/latex/graphics-cfg/color.cfg
File: color.cfg 2016/01/02 v1.6 sample color configuration
)
Package xcolor Info: Driver file: luatex.def on input line 274.
(/Users/kenjimyzk/Library/TinyTeX/texmf-dist/tex/latex/graphics-def/luatex.def
File: luatex.def 2025/09/29 v1.2f Graphics/color driver for luatex
) (/Users/kenjimyzk/Library/TinyTeX/texmf-dist/tex/latex/graphics/mathcolor.ltx)
Package xcolor Info: Model `cmy' substituted by `cmy0' on input line 1349.
Package xcolor Info: Model `hsb' substituted by `rgb' on input line 1353.
Package xcolor Info: Model `RGB' extended on input line 1365.
Package xcolor Info: Model `HTML' substituted by `rgb' on input line 1367.
Package xcolor Info: Model `Hsb' substituted by `hsb' on input line 1368.
Package xcolor Info: Model `tHsb' substituted by `hsb' on input line 1369.
Package xcolor Info: Model `HSB' substituted by `hsb' on input line 1370.
Package xcolor Info: Model `Gray' substituted by `gray' on input line 1371.
Package xcolor Info: Model `wave' substituted by `hsb' on input line 1372.
) (/Users/kenjimyzk/Library/TinyTeX/texmf-dist/tex/latex/graphics/dvipsnam.def
File: dvipsnam.def 2016/06/17 v3.0m Driver-dependent file (DPC,SPQR)
) (/Users/kenjimyzk/Library/TinyTeX/texmf-dist/tex/latex/xcolor/svgnam.def
File: svgnam.def 2024/09/29 v3.02 Predefined colors according to SVG 1.1 (UK)
) (/Users/kenjimyzk/Library/TinyTeX/texmf-dist/tex/latex/xcolor/x11nam.def
File: x11nam.def 2024/09/29 v3.02 Predefined colors according to Unix/X11 (UK)
) (/Users/kenjimyzk/Library/TinyTeX/texmf-dist/tex/latex/amsmath/amsmath.sty
Package: amsmath 2025/07/09 v2.17z AMS math features
\@mathmargin=\skip52
For additional information on amsmath, use the `?' option.
(/Users/kenjimyzk/Library/TinyTeX/texmf-dist/tex/latex/amsmath/amstext.sty
Package: amstext 2024/11/17 v2.01 AMS text
(/Users/kenjimyzk/Library/TinyTeX/texmf-dist/tex/latex/amsmath/amsgen.sty
File: amsgen.sty 1999/11/30 v2.0 generic functions
\@emptytoks=\toks28
\ex@=\dimen172
)) (/Users/kenjimyzk/Library/TinyTeX/texmf-dist/tex/latex/amsmath/amsbsy.sty
Package: amsbsy 1999/11/29 v1.2d Bold Symbols
\pmbraise@=\dimen173
) (/Users/kenjimyzk/Library/TinyTeX/texmf-dist/tex/latex/amsmath/amsopn.sty
Package: amsopn 2022/04/08 v2.04 operator names
)
\inf@bad=\count295
LaTeX Info: Redefining \frac on input line 235.
\uproot@=\count296
\leftroot@=\count297
LaTeX Info: Redefining \overline on input line 398.
LaTeX Info: Redefining \colon on input line 409.
\classnum@=\count298
\DOTSCASE@=\count299
LaTeX Info: Redefining \ldots on input line 495.
LaTeX Info: Redefining \dots on input line 498.
LaTeX Info: Redefining \cdots on input line 619.
\Mathstrutbox@=\box71
\strutbox@=\box72
LaTeX Info: Redefining \big on input line 721.
LaTeX Info: Redefining \Big on input line 722.
LaTeX Info: Redefining \bigg on input line 723.
LaTeX Info: Redefining \Bigg on input line 724.
\big@size=\dimen174
LaTeX Font Info:    Redeclaring font encoding OML on input line 742.
LaTeX Font Info:    Redeclaring font encoding OMS on input line 743.
\macc@depth=\count300
LaTeX Info: Redefining \bmod on input line 904.
LaTeX Info: Redefining \pmod on input line 909.
LaTeX Info: Redefining \smash on input line 939.
LaTeX Info: Redefining \relbar on input line 969.
LaTeX Info: Redefining \Relbar on input line 970.
\c@MaxMatrixCols=\count301
\dotsspace@=\muskip17
\c@parentequation=\count302
\dspbrk@lvl=\count303
\tag@help=\toks29
\row@=\count304
\column@=\count305
\maxfields@=\count306
\andhelp@=\toks30
\eqnshift@=\dimen175
\alignsep@=\dimen176
\tagshift@=\dimen177
\tagwidth@=\dimen178
\totwidth@=\dimen179
\lineht@=\dimen180
\@envbody=\toks31
\multlinegap=\skip53
\multlinetaggap=\skip54
\mathdisplay@stack=\toks32
LaTeX Info: Redefining \[ on input line 2950.
LaTeX Info: Redefining \] on input line 2951.
) (/Users/kenjimyzk/Library/TinyTeX/texmf-dist/tex/latex/amsfonts/amssymb.sty
Package: amssymb 2013/01/14 v3.01 AMS font symbols
(/Users/kenjimyzk/Library/TinyTeX/texmf-dist/tex/latex/amsfonts/amsfonts.sty
Package: amsfonts 2013/01/14 v3.01 Basic AMSFonts support
\symAMSa=\mathgroup5
\symAMSb=\mathgroup6
LaTeX Font Info:    Redeclaring math symbol \hbar on input line 98.
LaTeX Font Info:    Overwriting math alphabet `\mathfrak' in version `bold'
(Font)                  U/euf/m/n --> U/euf/b/n on input line 106.
)) (/Users/kenjimyzk/Library/TinyTeX/texmf-dist/tex/latex/unicode-math/unicode-math.sty
Package: unicode-math 2023/08/13 v0.8r Unicode maths in XeLaTeX and LuaLaTeX
(/Users/kenjimyzk/Library/TinyTeX/texmf-dist/tex/latex/unicode-math/unicode-math-luatex.sty
Package: unicode-math-luatex 2023/08/13 v0.8r Unicode maths in XeLaTeX and LuaLaTeX
(/Users/kenjimyzk/Library/TinyTeX/texmf-dist/tex/latex/l3packages/xparse/xparse.sty
Package: xparse 2025-10-09 L3 Experimental document command parser
) (/Users/kenjimyzk/Library/TinyTeX/texmf-dist/tex/latex/l3packages/l3keys2e/l3keys2e.sty
Package: l3keys2e 2025-10-09 LaTeX2e option processing using LaTeX3 keys
) (/Users/kenjimyzk/Library/TinyTeX/texmf-dist/tex/latex/fontspec/fontspec.sty
Package: fontspec 2025/09/29 v2.9g Font selection for XeLaTeX and LuaLaTeX
Lua module: fontspec 2025/09/29 v2.9g Font selection for XeLaTeX and LuaLaTeX (/Users/kenjimyzk/Library/TinyTeX/texmf-dist/tex/latex/fontspec/fontspec-luatex.sty
Package: fontspec-luatex 2025/09/29 v2.9g Font selection for XeLaTeX and LuaLaTeX
\l__fontspec_script_int=\count307
\l__fontspec_language_int=\count308
\l__fontspec_strnum_int=\count309
\l__fontspec_tmp_int=\count310
\l__fontspec_tmpa_int=\count311
\l__fontspec_tmpb_int=\count312
\l__fontspec_tmpc_int=\count313
\l__fontspec_em_int=\count314
\l__fontspec_emdef_int=\count315
\l__fontspec_strong_int=\count316
\l__fontspec_strongdef_int=\count317
\l__fontspec_tmpa_dim=\dimen181
\l__fontspec_tmpb_dim=\dimen182
\l__fontspec_tmpc_dim=\dimen183
(/Users/kenjimyzk/Library/TinyTeX/texmf-dist/tex/latex/base/fontenc.sty
Package: fontenc 2025/07/18 v2.1d Standard LaTeX package
) (/Users/kenjimyzk/Library/TinyTeX/texmf-dist/tex/latex/fontspec/fontspec.cfg)(load cache: extra_lmroman10-bold.luc)
LaTeX Font Info:    Font shape `JT3/mc/b/n' in size <10> not available
(Font)              Font shape `JT3/gt/m/n' tried instead on input line 3974.
LaTeX Font Info:    Font shape `JT3/gt/m/n' will be
(Font)              scaled to size 7.70596pt on input line 3974.
LaTeX Font Info:    Font shape `JY3/mc/b/n' in size <10> not available
(Font)              Font shape `JY3/gt/m/n' tried instead on input line 3974.
LaTeX Font Info:    Font shape `JY3/gt/m/n' will be
(Font)              scaled to size 7.70596pt on input line 3974.
(load cache: extra_haranoajigothic-medium.luc))) (/Users/kenjimyzk/Library/TinyTeX/texmf-dist/tex/luatex/luatexja/patches/lltjp-fontspec.sty) (/Users/kenjimyzk/Library/TinyTeX/texmf-dist/tex/latex/base/fix-cm.sty
Package: fix-cm 2020/11/24 v1.1t fixes to LaTeX
(/Users/kenjimyzk/Library/TinyTeX/texmf-dist/tex/latex/base/ts1enc.def
File: ts1enc.def 2001/06/05 v3.0e (jk/car/fm) Standard LaTeX file
LaTeX Font Info:    Redeclaring font encoding TS1 on input line 47.
LaTeX Encoding Info:    Redeclaring text command \capitalcedilla (encoding TS1) on input line 49.
LaTeX Encoding Info:    Redeclaring text command \capitalogonek (encoding TS1) on input line 52.
LaTeX Encoding Info:    Redeclaring text command \capitalgrave (encoding TS1) on input line 55.
LaTeX Encoding Info:    Redeclaring text command \capitalacute (encoding TS1) on input line 56.
LaTeX Encoding Info:    Redeclaring text command \capitalcircumflex (encoding TS1) on input line 57.
LaTeX Encoding Info:    Redeclaring text command \capitaltilde (encoding TS1) on input line 58.
LaTeX Encoding Info:    Redeclaring text command \capitaldieresis (encoding TS1) on input line 59.
LaTeX Encoding Info:    Redeclaring text command \capitalhungarumlaut (encoding TS1) on input line 60.
LaTeX Encoding Info:    Redeclaring text command \capitalring (encoding TS1) on input line 61.
LaTeX Encoding Info:    Redeclaring text command \capitalcaron (encoding TS1) on input line 62.
LaTeX Encoding Info:    Redeclaring text command \capitalbreve (encoding TS1) on input line 63.
LaTeX Encoding Info:    Redeclaring text command \capitalmacron (encoding TS1) on input line 64.
LaTeX Encoding Info:    Redeclaring text command \capitaldotaccent (encoding TS1) on input line 65.
LaTeX Encoding Info:    Redeclaring text command \t (encoding TS1) on input line 66.
LaTeX Encoding Info:    Redeclaring text command \capitaltie (encoding TS1) on input line 67.
LaTeX Encoding Info:    Redeclaring text command \newtie (encoding TS1) on input line 68.
LaTeX Encoding Info:    Redeclaring text command \capitalnewtie (encoding TS1) on input line 69.
LaTeX Encoding Info:    Redeclaring text command \textcapitalcompwordmark (encoding TS1) on input line 70.
LaTeX Encoding Info:    Redeclaring text command \textascendercompwordmark (encoding TS1) on input line 71.
LaTeX Encoding Info:    Redeclaring text command \textquotestraightbase (encoding TS1) on input line 72.
LaTeX Encoding Info:    Redeclaring text command \textquotestraightdblbase (encoding TS1) on input line 73.
LaTeX Encoding Info:    Redeclaring text command \texttwelveudash (encoding TS1) on input line 74.
LaTeX Encoding Info:    Redeclaring text command \textthreequartersemdash (encoding TS1) on input line 75.
LaTeX Encoding Info:    Redeclaring text command \textleftarrow (encoding TS1) on input line 76.
LaTeX Encoding Info:    Redeclaring text command \textrightarrow (encoding TS1) on input line 77.
LaTeX Encoding Info:    Redeclaring text command \textblank (encoding TS1) on input line 78.
LaTeX Encoding Info:    Redeclaring text command \textdollar (encoding TS1) on input line 79.
LaTeX Encoding Info:    Redeclaring text command \textquotesingle (encoding TS1) on input line 80.
LaTeX Encoding Info:    Redeclaring text command \textasteriskcentered (encoding TS1) on input line 81.
LaTeX Encoding Info:    Redeclaring text command \textdblhyphen (encoding TS1) on input line 92.
LaTeX Encoding Info:    Redeclaring text command \textfractionsolidus (encoding TS1) on input line 93.
LaTeX Encoding Info:    Redeclaring text command \textzerooldstyle (encoding TS1) on input line 94.
LaTeX Encoding Info:    Redeclaring text command \textoneoldstyle (encoding TS1) on input line 95.
LaTeX Encoding Info:    Redeclaring text command \texttwooldstyle (encoding TS1) on input line 96.
LaTeX Encoding Info:    Redeclaring text command \textthreeoldstyle (encoding TS1) on input line 97.
LaTeX Encoding Info:    Redeclaring text command \textfouroldstyle (encoding TS1) on input line 98.
LaTeX Encoding Info:    Redeclaring text command \textfiveoldstyle (encoding TS1) on input line 99.
LaTeX Encoding Info:    Redeclaring text command \textsixoldstyle (encoding TS1) on input line 100.
LaTeX Encoding Info:    Redeclaring text command \textsevenoldstyle (encoding TS1) on input line 101.
LaTeX Encoding Info:    Redeclaring text command \texteightoldstyle (encoding TS1) on input line 102.
LaTeX Encoding Info:    Redeclaring text command \textnineoldstyle (encoding TS1) on input line 103.
LaTeX Encoding Info:    Redeclaring text command \textlangle (encoding TS1) on input line 104.
LaTeX Encoding Info:    Redeclaring text command \textminus (encoding TS1) on input line 105.
LaTeX Encoding Info:    Redeclaring text command \textrangle (encoding TS1) on input line 106.
LaTeX Encoding Info:    Redeclaring text command \textmho (encoding TS1) on input line 107.
LaTeX Encoding Info:    Redeclaring text command \textbigcircle (encoding TS1) on input line 108.
LaTeX Encoding Info:    Redeclaring text command \textcircled (encoding TS1) on input line 109.
LaTeX Encoding Info:    Redeclaring text command \textohm (encoding TS1) on input line 115.
LaTeX Encoding Info:    Redeclaring text command \textlbrackdbl (encoding TS1) on input line 116.
LaTeX Encoding Info:    Redeclaring text command \textrbrackdbl (encoding TS1) on input line 117.
LaTeX Encoding Info:    Redeclaring text command \textuparrow (encoding TS1) on input line 118.
LaTeX Encoding Info:    Redeclaring text command \textdownarrow (encoding TS1) on input line 119.
LaTeX Encoding Info:    Redeclaring text command \textasciigrave (encoding TS1) on input line 120.
LaTeX Encoding Info:    Redeclaring text command \textborn (encoding TS1) on input line 121.
LaTeX Encoding Info:    Redeclaring text command \textdivorced (encoding TS1) on input line 122.
LaTeX Encoding Info:    Redeclaring text command \textdied (encoding TS1) on input line 123.
LaTeX Encoding Info:    Redeclaring text command \textleaf (encoding TS1) on input line 124.
LaTeX Encoding Info:    Redeclaring text command \textmarried (encoding TS1) on input line 125.
LaTeX Encoding Info:    Redeclaring text command \textmusicalnote (encoding TS1) on input line 126.
LaTeX Encoding Info:    Redeclaring text command \texttildelow (encoding TS1) on input line 127.
LaTeX Encoding Info:    Redeclaring text command \textdblhyphenchar (encoding TS1) on input line 128.
LaTeX Encoding Info:    Redeclaring text command \textasciibreve (encoding TS1) on input line 129.
LaTeX Encoding Info:    Redeclaring text command \textasciicaron (encoding TS1) on input line 130.
LaTeX Encoding Info:    Redeclaring text command \textacutedbl (encoding TS1) on input line 131.
LaTeX Encoding Info:    Redeclaring text command \textgravedbl (encoding TS1) on input line 132.
LaTeX Encoding Info:    Redeclaring text command \textdagger (encoding TS1) on input line 133.
LaTeX Encoding Info:    Redeclaring text command \textdaggerdbl (encoding TS1) on input line 134.
LaTeX Encoding Info:    Redeclaring text command \textbardbl (encoding TS1) on input line 135.
LaTeX Encoding Info:    Redeclaring text command \textperthousand (encoding TS1) on input line 136.
LaTeX Encoding Info:    Redeclaring text command \textbullet (encoding TS1) on input line 137.
LaTeX Encoding Info:    Redeclaring text command \textcelsius (encoding TS1) on input line 138.
LaTeX Encoding Info:    Redeclaring text command \textdollaroldstyle (encoding TS1) on input line 139.
LaTeX Encoding Info:    Redeclaring text command \textcentoldstyle (encoding TS1) on input line 140.
LaTeX Encoding Info:    Redeclaring text command \textflorin (encoding TS1) on input line 141.
LaTeX Encoding Info:    Redeclaring text command \textcolonmonetary (encoding TS1) on input line 142.
LaTeX Encoding Info:    Redeclaring text command \textwon (encoding TS1) on input line 143.
LaTeX Encoding Info:    Redeclaring text command \textnaira (encoding TS1) on input line 144.
LaTeX Encoding Info:    Redeclaring text command \textguarani (encoding TS1) on input line 145.
LaTeX Encoding Info:    Redeclaring text command \textpeso (encoding TS1) on input line 146.
LaTeX Encoding Info:    Redeclaring text command \textlira (encoding TS1) on input line 147.
LaTeX Encoding Info:    Redeclaring text command \textrecipe (encoding TS1) on input line 148.
LaTeX Encoding Info:    Redeclaring text command \textinterrobang (encoding TS1) on input line 149.
LaTeX Encoding Info:    Redeclaring text command \textinterrobangdown (encoding TS1) on input line 150.
LaTeX Encoding Info:    Redeclaring text command \textdong (encoding TS1) on input line 151.
LaTeX Encoding Info:    Redeclaring text command \texttrademark (encoding TS1) on input line 152.
LaTeX Encoding Info:    Redeclaring text command \textpertenthousand (encoding TS1) on input line 153.
LaTeX Encoding Info:    Redeclaring text command \textpilcrow (encoding TS1) on input line 154.
LaTeX Encoding Info:    Redeclaring text command \textbaht (encoding TS1) on input line 155.
LaTeX Encoding Info:    Redeclaring text command \textnumero (encoding TS1) on input line 156.
LaTeX Encoding Info:    Redeclaring text command \textdiscount (encoding TS1) on input line 157.
LaTeX Encoding Info:    Redeclaring text command \textestimated (encoding TS1) on input line 158.
LaTeX Encoding Info:    Redeclaring text command \textopenbullet (encoding TS1) on input line 159.
LaTeX Encoding Info:    Redeclaring text command \textservicemark (encoding TS1) on input line 160.
LaTeX Encoding Info:    Redeclaring text command \textlquill (encoding TS1) on input line 161.
LaTeX Encoding Info:    Redeclaring text command \textrquill (encoding TS1) on input line 162.
LaTeX Encoding Info:    Redeclaring text command \textcent (encoding TS1) on input line 163.
LaTeX Encoding Info:    Redeclaring text command \textsterling (encoding TS1) on input line 164.
LaTeX Encoding Info:    Redeclaring text command \textcurrency (encoding TS1) on input line 165.
LaTeX Encoding Info:    Redeclaring text command \textyen (encoding TS1) on input line 166.
LaTeX Encoding Info:    Redeclaring text command \textbrokenbar (encoding TS1) on input line 167.
LaTeX Encoding Info:    Redeclaring text command \textsection (encoding TS1) on input line 168.
LaTeX Encoding Info:    Redeclaring text command \textasciidieresis (encoding TS1) on input line 169.
LaTeX Encoding Info:    Redeclaring text command \textcopyright (encoding TS1) on input line 170.
LaTeX Encoding Info:    Redeclaring text command \textordfeminine (encoding TS1) on input line 171.
LaTeX Encoding Info:    Redeclaring text command \textcopyleft (encoding TS1) on input line 172.
LaTeX Encoding Info:    Redeclaring text command \textlnot (encoding TS1) on input line 173.
LaTeX Encoding Info:    Redeclaring text command \textcircledP (encoding TS1) on input line 174.
LaTeX Encoding Info:    Redeclaring text command \textregistered (encoding TS1) on input line 175.
LaTeX Encoding Info:    Redeclaring text command \textasciimacron (encoding TS1) on input line 176.
LaTeX Encoding Info:    Redeclaring text command \textdegree (encoding TS1) on input line 177.
LaTeX Encoding Info:    Redeclaring text command \textpm (encoding TS1) on input line 178.
LaTeX Encoding Info:    Redeclaring text command \texttwosuperior (encoding TS1) on input line 179.
LaTeX Encoding Info:    Redeclaring text command \textthreesuperior (encoding TS1) on input line 180.
LaTeX Encoding Info:    Redeclaring text command \textasciiacute (encoding TS1) on input line 181.
LaTeX Encoding Info:    Redeclaring text command \textmu (encoding TS1) on input line 182.
LaTeX Encoding Info:    Redeclaring text command \textparagraph (encoding TS1) on input line 183.
LaTeX Encoding Info:    Redeclaring text command \textperiodcentered (encoding TS1) on input line 184.
LaTeX Encoding Info:    Redeclaring text command \textreferencemark (encoding TS1) on input line 185.
LaTeX Encoding Info:    Redeclaring text command \textonesuperior (encoding TS1) on input line 186.
LaTeX Encoding Info:    Redeclaring text command \textordmasculine (encoding TS1) on input line 187.
LaTeX Encoding Info:    Redeclaring text command \textsurd (encoding TS1) on input line 188.
LaTeX Encoding Info:    Redeclaring text command \textonequarter (encoding TS1) on input line 189.
LaTeX Encoding Info:    Redeclaring text command \textonehalf (encoding TS1) on input line 190.
LaTeX Encoding Info:    Redeclaring text command \textthreequarters (encoding TS1) on input line 191.
LaTeX Encoding Info:    Redeclaring text command \texteuro (encoding TS1) on input line 192.
LaTeX Encoding Info:    Redeclaring text command \texttimes (encoding TS1) on input line 193.
LaTeX Encoding Info:    Redeclaring text command \textdiv (encoding TS1) on input line 194.
)) (/Users/kenjimyzk/Library/TinyTeX/texmf-dist/tex/lualatex/lualatex-math/lualatex-math.sty
Package: lualatex-math 2022/01/01 v1.12 Patches for mathematics typesetting with LuaLaTeX
Lua module: lualatex-math 2013/08/03 v1.3 Patches for mathematics typesetting with LuaLaTeX)
\g__um_fam_int=\count318
\g__um_fonts_used_int=\count319
\l__um_primecount_int=\count320
\g__um_primekern_muskip=\muskip18
(/Users/kenjimyzk/Library/TinyTeX/texmf-dist/tex/latex/unicode-math/unicode-math-table.tex))) (/Users/kenjimyzk/Library/TinyTeX/texmf-dist/tex/luatex/luatexja/patches/lltjp-unicode-math.sty) (/Users/kenjimyzk/Library/TinyTeX/texmf-dist/tex/latex/lm/lmodern.sty
Package: lmodern 2015/05/01 v1.6.1 Latin Modern Fonts
LaTeX Font Info:    Overwriting symbol font `operators' in version `normal'
(Font)                  OT1/cmr/m/n --> OT1/lmr/m/n on input line 22.
LaTeX Font Info:    Overwriting symbol font `letters' in version `normal'
(Font)                  OML/cmm/m/it --> OML/lmm/m/it on input line 23.
LaTeX Font Info:    Overwriting symbol font `symbols' in version `normal'
(Font)                  OMS/cmsy/m/n --> OMS/lmsy/m/n on input line 24.
LaTeX Font Info:    Overwriting symbol font `largesymbols' in version `normal'
(Font)                  OMX/cmex/m/n --> OMX/lmex/m/n on input line 25.
LaTeX Font Info:    Overwriting symbol font `operators' in version `bold'
(Font)                  OT1/cmr/bx/n --> OT1/lmr/bx/n on input line 26.
LaTeX Font Info:    Overwriting symbol font `letters' in version `bold'
(Font)                  OML/cmm/b/it --> OML/lmm/b/it on input line 27.
LaTeX Font Info:    Overwriting symbol font `symbols' in version `bold'
(Font)                  OMS/cmsy/b/n --> OMS/lmsy/b/n on input line 28.
LaTeX Font Info:    Overwriting symbol font `largesymbols' in version `bold'
(Font)                  OMX/cmex/m/n --> OMX/lmex/m/n on input line 29.
LaTeX Font Info:    Overwriting math alphabet `\mathbf' in version `normal'
(Font)                  OT1/cmr/bx/n --> OT1/lmr/bx/n on input line 31.
LaTeX Font Info:    Overwriting math alphabet `\mathsf' in version `normal'
(Font)                  OT1/cmss/m/n --> OT1/lmss/m/n on input line 32.
LaTeX Font Info:    Overwriting math alphabet `\mathit' in version `normal'
(Font)                  OT1/cmr/m/it --> OT1/lmr/m/it on input line 33.
LaTeX Font Info:    Overwriting math alphabet `\mathtt' in version `normal'
(Font)                  OT1/cmtt/m/n --> OT1/lmtt/m/n on input line 34.
LaTeX Font Info:    Overwriting math alphabet `\mathbf' in version `bold'
(Font)                  OT1/cmr/bx/n --> OT1/lmr/bx/n on input line 35.
LaTeX Font Info:    Overwriting math alphabet `\mathsf' in version `bold'
(Font)                  OT1/cmss/bx/n --> OT1/lmss/bx/n on input line 36.
LaTeX Font Info:    Overwriting math alphabet `\mathit' in version `bold'
(Font)                  OT1/cmr/bx/it --> OT1/lmr/bx/it on input line 37.
LaTeX Font Info:    Overwriting math alphabet `\mathtt' in version `bold'
(Font)                  OT1/cmtt/m/n --> OT1/lmtt/m/n on input line 38.
) (/Users/kenjimyzk/Library/TinyTeX/texmf-dist/tex/latex/upquote/upquote.sty
Package: upquote 2012/04/19 v1.3 upright-quote and grave-accent glyphs in verbatim
(/Users/kenjimyzk/Library/TinyTeX/texmf-dist/tex/latex/base/textcomp.sty
Package: textcomp 2024/04/24 v2.1b Standard LaTeX package
)) (/Users/kenjimyzk/Library/TinyTeX/texmf-dist/tex/latex/microtype/microtype.sty
Package: microtype 2025/07/09 v3.2b Micro-typographical refinements (RS)
\MT@toks=\toks33
\MT@tempbox=\box73
\MT@count=\count321
LaTeX Info: Redefining \noprotrusionifhmode on input line 1087.
LaTeX Info: Redefining \leftprotrusion on input line 1088.
\MT@prot@toks=\toks34
LaTeX Info: Redefining \rightprotrusion on input line 1107.
LaTeX Info: Redefining \textls on input line 1449.
\MT@outer@kern=\dimen184
LaTeX Info: Redefining \microtypecontext on input line 2053.
LaTeX Info: Redefining \textmicrotypecontext on input line 2070.
\MT@listname@count=\count322
(/Users/kenjimyzk/Library/TinyTeX/texmf-dist/tex/latex/microtype/microtype-luatex.def
File: microtype-luatex.def 2025/07/09 v3.2b Definitions specific to luatex (RS)
Lua module: microtype 2025/07/09 v3.2b microtype module.
Module microtype Info: overwriting function `keepligature' on input line 63
LaTeX Info: Redefining \lsstyle on input line 779.
LaTeX Info: Redefining \lslig on input line 779.
\MT@outer@space=\skip55
)
Package microtype Info: Loading configuration file microtype.cfg.
(/Users/kenjimyzk/Library/TinyTeX/texmf-dist/tex/latex/microtype/microtype.cfg
File: microtype.cfg 2025/07/09 v3.2b microtype main configuration file (RS)

Package microtype Warning: Could not parse font size `10\jsc@mpt '
(microtype)                in font set `basicmath' on input line 75.


Package microtype Warning: Could not parse font size `8\jsc@mpt '
(microtype)                in font set `basicmath' on input line 75.


Package microtype Warning: Could not parse font size `9\jsc@mpt '
(microtype)                in font set `basicmath' on input line 75.


Package microtype Warning: Could not parse font size `12\jsc@mpt '
(microtype)                in font set `basicmath' on input line 75.


Package microtype Warning: Could not parse font size `10\jsc@mpt '
(microtype)                in font set `basicmath' on input line 75.


Package microtype Warning: Could not parse font size `8\jsc@mpt '
(microtype)                in font set `basicmath' on input line 75.


Package microtype Warning: Could not parse font size `9\jsc@mpt '
(microtype)                in font set `basicmath' on input line 75.


Package microtype Warning: Could not parse font size `12\jsc@mpt '
(microtype)                in font set `basicmath' on input line 75.


Package microtype Warning: Could not parse font size `10\jsc@mpt '
(microtype)                in font set `basicmath' on input line 75.


Package microtype Warning: Could not parse font size `8\jsc@mpt '
(microtype)                in font set `basicmath' on input line 75.


Package microtype Warning: Could not parse font size `9\jsc@mpt '
(microtype)                in font set `basicmath' on input line 75.


Package microtype Warning: Could not parse font size `12\jsc@mpt '
(microtype)                in font set `basicmath' on input line 75.


Package microtype Warning: Could not parse font size `10\jsc@mpt '
(microtype)                in font set `basicmath' on input line 75.


Package microtype Warning: Could not parse font size `8\jsc@mpt '
(microtype)                in font set `basicmath' on input line 75.


Package microtype Warning: Could not parse font size `9\jsc@mpt '
(microtype)                in font set `basicmath' on input line 75.


Package microtype Warning: Could not parse font size `12\jsc@mpt '
(microtype)                in font set `basicmath' on input line 75.


Package microtype Warning: Could not parse font size `10\jsc@mpt '
(microtype)                in font set `basicmath' on input line 75.


Package microtype Warning: Could not parse font size `8\jsc@mpt '
(microtype)                in font set `basicmath' on input line 75.


Package microtype Warning: Could not parse font size `9\jsc@mpt '
(microtype)                in font set `basicmath' on input line 75.


Package microtype Warning: Could not parse font size `12\jsc@mpt '
(microtype)                in font set `basicmath' on input line 75.


Package microtype Warning: Could not parse font size `10\jsc@mpt '
(microtype)                in font set `basictext' on input line 82.


Package microtype Warning: Could not parse font size `8\jsc@mpt '
(microtype)                in font set `basictext' on input line 82.


Package microtype Warning: Could not parse font size `9\jsc@mpt '
(microtype)                in font set `basictext' on input line 82.


Package microtype Warning: Could not parse font size `12\jsc@mpt '
(microtype)                in font set `basictext' on input line 82.


Package microtype Warning: Could not parse font size `10\jsc@mpt '
(microtype)                in font set `basictext' on input line 82.


Package microtype Warning: Could not parse font size `8\jsc@mpt '
(microtype)                in font set `basictext' on input line 82.


Package microtype Warning: Could not parse font size `9\jsc@mpt '
(microtype)                in font set `basictext' on input line 82.


Package microtype Warning: Could not parse font size `12\jsc@mpt '
(microtype)                in font set `basictext' on input line 82.


Package microtype Warning: Could not parse font size `10\jsc@mpt '
(microtype)                in font set `basictext' on input line 82.


Package microtype Warning: Could not parse font size `8\jsc@mpt '
(microtype)                in font set `basictext' on input line 82.


Package microtype Warning: Could not parse font size `9\jsc@mpt '
(microtype)                in font set `basictext' on input line 82.


Package microtype Warning: Could not parse font size `12\jsc@mpt '
(microtype)                in font set `basictext' on input line 82.


Package microtype Warning: Could not parse font size `10\jsc@mpt '
(microtype)                in font set `basictext' on input line 82.


Package microtype Warning: Could not parse font size `8\jsc@mpt '
(microtype)                in font set `basictext' on input line 82.


Package microtype Warning: Could not parse font size `9\jsc@mpt '
(microtype)                in font set `basictext' on input line 82.


Package microtype Warning: Could not parse font size `12\jsc@mpt '
(microtype)                in font set `basictext' on input line 82.


Package microtype Warning: Could not parse font size `10\jsc@mpt '
(microtype)                in font set `basictext' on input line 82.


Package microtype Warning: Could not parse font size `8\jsc@mpt '
(microtype)                in font set `basictext' on input line 82.


Package microtype Warning: Could not parse font size `9\jsc@mpt '
(microtype)                in font set `basictext' on input line 82.


Package microtype Warning: Could not parse font size `12\jsc@mpt '
(microtype)                in font set `basictext' on input line 82.


Package microtype Warning: Could not parse font size `9\jsc@mpt '
(microtype)                in font set `footnotesize' on input line 92.


Package microtype Warning: Could not parse font size `9\jsc@mpt '
(microtype)                in font set `footnotesize' on input line 92.


Package microtype Warning: Could not parse font size `9\jsc@mpt '
(microtype)                in font set `footnotesize' on input line 92.


Package microtype Warning: Could not parse font size `9\jsc@mpt '
(microtype)                in font set `footnotesize' on input line 92.


Package microtype Warning: Could not parse font size `9\jsc@mpt '
(microtype)                in font set `footnotesize' on input line 92.


Package microtype Warning: Could not parse font size `8\jsc@mpt '
(microtype)                in font set `scriptsize' on input line 97.


Package microtype Warning: Could not parse font size `8\jsc@mpt '
(microtype)                in font set `scriptsize' on input line 97.


Package microtype Warning: Could not parse font size `8\jsc@mpt '
(microtype)                in font set `scriptsize' on input line 97.


Package microtype Warning: Could not parse font size `8\jsc@mpt '
(microtype)                in font set `scriptsize' on input line 97.


Package microtype Warning: Could not parse font size `8\jsc@mpt '
(microtype)                in font set `scriptsize' on input line 97.


Package microtype Warning: Could not parse font size `10\jsc@mpt '
(microtype)                in font set `normalfont' on input line 100.


Package microtype Warning: Could not parse font size `10\jsc@mpt '
(microtype)                in font set `normalfont' on input line 100.


Package microtype Warning: Could not parse font size `10\jsc@mpt '
(microtype)                in font set `normalfont' on input line 100.


Package microtype Warning: Could not parse font size `10\jsc@mpt '
(microtype)                in font set `normalfont' on input line 100.


Package microtype Warning: Could not parse font size `10\jsc@mpt '
(microtype)                in font set `normalfont' on input line 100.

)
LaTeX Info: Redefining \microtypesetup on input line 3065.
) (/Users/kenjimyzk/Library/TinyTeX/texmf-dist/tex/luatex/luatexja/patches/lltjp-microtype.sty

Package luatexja Warning: LuaTeX-ja's patch against the microtype package 
(luatexja)                (lltjp-microtype.sty, 2019-11-08) may not work.

) (/Users/kenjimyzk/Library/TinyTeX/texmf-dist/tex/latex/parskip/parskip.sty
Package: parskip 2021-03-14 v2.0h non-zero parskip adjustments
(/Users/kenjimyzk/Library/TinyTeX/texmf-dist/tex/latex/kvoptions/kvoptions.sty
Package: kvoptions 2022-06-15 v3.15 Key value format for package options (HO)
(/Users/kenjimyzk/Library/TinyTeX/texmf-dist/tex/latex/kvsetkeys/kvsetkeys.sty
Package: kvsetkeys 2022-10-05 v1.19 Key value parser (HO)
))
Couldn't patch \@startsection
) (/Users/kenjimyzk/Library/TinyTeX/texmf-dist/tex/latex/tools/longtable.sty
Package: longtable 2025-10-13 v4.24 Multi-page Table package (DPC)
\LTleft=\skip56
\LTright=\skip57
\LTpre=\skip58
\LTpost=\skip59
\LTchunksize=\count323
\LTcapwidth=\dimen185
\LT@head=\box74
\LT@firsthead=\box75
\LT@foot=\box76
\LT@lastfoot=\box77
\LT@gbox=\box78
\LT@cols=\count324
\LT@rows=\count325
\c@LT@tables=\count326
\c@LT@chunks=\count327
\LT@p@ftn=\toks35
) (/Users/kenjimyzk/Library/TinyTeX/texmf-dist/tex/latex/booktabs/booktabs.sty
Package: booktabs 2020/01/12 v1.61803398 Publication quality tables
\heavyrulewidth=\dimen186
\lightrulewidth=\dimen187
\cmidrulewidth=\dimen188
\belowrulesep=\dimen189
\belowbottomsep=\dimen190
\aboverulesep=\dimen191
\abovetopsep=\dimen192
\cmidrulesep=\dimen193
\cmidrulekern=\dimen194
\defaultaddspace=\dimen195
\@cmidla=\count328
\@cmidlb=\count329
\@aboverulesep=\dimen196
\@belowrulesep=\dimen197
\@thisruleclass=\count330
\@lastruleclass=\count331
\@thisrulewidth=\dimen198
) (/Users/kenjimyzk/Library/TinyTeX/texmf-dist/tex/latex/tools/array.sty
Package: array 2025/09/25 v2.6n Tabular extension package (FMi)
\col@sep=\dimen199
\ar@mcellbox=\box79
\extrarowheight=\dimen256
\NC@list=\toks36
\extratabsurround=\skip60
\backup@length=\skip61
\ar@cellbox=\box80
)
\c@none=\count332
(/Users/kenjimyzk/Library/TinyTeX/texmf-dist/tex/latex/tools/calc.sty
Package: calc 2025/03/01 v4.3b Infix arithmetic (KKT,FJ)
\calc@Acount=\count333
\calc@Bcount=\count334
\calc@Adimen=\dimen257
\calc@Bdimen=\dimen258
\calc@Askip=\skip62
\calc@Bskip=\skip63
LaTeX Info: Redefining \setlength on input line 86.
LaTeX Info: Redefining \addtolength on input line 87.
\calc@Ccount=\count335
\calc@Cskip=\skip64
) (/Users/kenjimyzk/Library/TinyTeX/texmf-dist/tex/latex/mdwtools/footnote.sty
Package: footnote 1997/01/28 1.13 Save footnotes around boxes
\fn@notes=\box81
\fn@width=\dimen259
) (/Users/kenjimyzk/Library/TinyTeX/texmf-dist/tex/latex/graphics/graphicx.sty
Package: graphicx 2024/12/31 v1.2e Enhanced LaTeX Graphics (DPC,SPQR)
(/Users/kenjimyzk/Library/TinyTeX/texmf-dist/tex/latex/graphics/graphics.sty
Package: graphics 2024/08/06 v1.4g Standard LaTeX Graphics (DPC,SPQR)
(/Users/kenjimyzk/Library/TinyTeX/texmf-dist/tex/latex/graphics/trig.sty
Package: trig 2023/12/02 v1.11 sin cos tan (DPC)
) (/Users/kenjimyzk/Library/TinyTeX/texmf-dist/tex/latex/graphics-cfg/graphics.cfg
File: graphics.cfg 2016/06/04 v1.11 sample graphics configuration
)
Package graphics Info: Driver file: luatex.def on input line 106.
)
\Gin@req@height=\dimen260
\Gin@req@width=\dimen261
)
\pandoc@box=\box82
(/Users/kenjimyzk/Library/TinyTeX/texmf-dist/tex/generic/babel/babel.sty
Package: babel 2026/02/14 v26.3 The multilingual framework for LuaLaTeX, pdfLaTeX and XeLaTeX
(/Users/kenjimyzk/Library/TinyTeX/texmf-dist/tex/generic/babel/luababel.def
\bbl@readstream=\read2
\l@dumylang=\language3
Package babel Info: Non-standard hyphenation setup on input line 118.
\l@nohyphenation=\language4
\l@ukenglish=\language5
\l@usenglishmax=\language6
\l@french=\language7
\babelcatcodetablenum=\catcodetable17
\bbl@pattcodes=\catcodetable18
)
\babel@savecnt=\count336
LaTeX Encoding Info:    Redeclaring text command \ij (encoding OT1) on input line 2078.
LaTeX Encoding Info:    Redeclaring text command \IJ (encoding OT1) on input line 2080.
LaTeX Encoding Info:    Redeclaring text command \ij (encoding T1) on input line 2082.
LaTeX Encoding Info:    Redeclaring text command \IJ (encoding T1) on input line 2083.
LaTeX Encoding Info:    Ignoring declaration for text command \ij (encoding ?) on input line 2084.
LaTeX Encoding Info:    Ignoring declaration for text command \IJ (encoding ?) on input line 2086.
LaTeX Encoding Info:    Ignoring declaration for text command \SS (encoding ?) on input line 2111.
\U@D=\dimen262
\l@unhyphenated=\language8
(/Users/kenjimyzk/Library/TinyTeX/texmf-dist/tex/generic/babel/luababel.def
\bbl@attr@locale=\attribute25
Removing  `luaotfload.node_processor' from `pre_linebreak_filter'.
Removing  `ltj.main' from `pre_linebreak_filter'.
Inserting `Babel.pre_otfload_v' in `pre_linebreak_filter'.
Inserting `ltj.main' in `pre_linebreak_filter'.
Inserting `luaotfload.node_processor' in `pre_linebreak_filter'.
Removing  `luaotfload.node_processor' from `hpack_filter'.
Removing  `ltj.main' from `hpack_filter'.
Removing  `luaotfload.harf.finalize_hlist' from `hpack_filter'.
Removing  `ltj.create_dir_whatsit' from `hpack_filter'.
Inserting `Babel.pre_otfload_h' in `hpack_filter'.
Inserting `ltj.main' in `hpack_filter'.
Inserting `luaotfload.harf.finalize_hlist' in `hpack_filter'.
Inserting `ltj.create_dir_whatsit' in `hpack_filter'.
Inserting `luaotfload.node_processor' in `hpack_filter'.
\bbl@attr@dir=\attribute26
) (/Users/kenjimyzk/Library/TinyTeX/texmf-dist/tex/generic/babel/locale/ja/babel-japanese.tex)
Package babel Info: Importing data for japanese
(babel)             from babel-ja.ini. Reported on input line 4330.
\bbl@readsubstream=\read3
Package babel Info: Hyphen rules for 'japanese' set to \l@english
(babel)             (\language0). Reported on input line 4330.
Inserting `Babel.hyphenate' in `hyphenate'. (/Users/kenjimyzk/Library/TinyTeX/texmf-dist/tex/generic/babel/locale/ja/babel-japanese.tex)) (/Users/kenjimyzk/Library/TinyTeX/texmf-dist/tex/lualatex/selnolig/selnolig.sty
=== Package selnolig, Version 0.302, Date 2015/10/26 ===
Package: selnolig 2015/10/26
Inserting `Suppress ligatures selectively' in `ligaturing'.) (/Users/kenjimyzk/Library/TinyTeX/texmf-dist/tex/latex/needspace/needspace.sty
Package: needspace 2025/03/13 v1.3e reserve vertical space
) (/Users/kenjimyzk/Library/TinyTeX/texmf-dist/tex/latex/tcolorbox/tcolorbox.sty
Package: tcolorbox 2025/11/28 version 6.9.0 text color boxes
(/Users/kenjimyzk/Library/TinyTeX/texmf-dist/tex/latex/pgf/frontendlayer/tikz.sty (/Users/kenjimyzk/Library/TinyTeX/texmf-dist/tex/latex/pgf/basiclayer/pgf.sty (/Users/kenjimyzk/Library/TinyTeX/texmf-dist/tex/latex/pgf/utilities/pgfrcs.sty (/Users/kenjimyzk/Library/TinyTeX/texmf-dist/tex/generic/pgf/utilities/pgfutil-common.tex
\pgfutil@everybye=\toks37
\pgfutil@tempdima=\dimen263
\pgfutil@tempdimb=\dimen264
) (/Users/kenjimyzk/Library/TinyTeX/texmf-dist/tex/generic/pgf/utilities/pgfutil-latex.def
\pgfutil@abb=\box83
) (/Users/kenjimyzk/Library/TinyTeX/texmf-dist/tex/generic/pgf/utilities/pgfrcs.code.tex (/Users/kenjimyzk/Library/TinyTeX/texmf-dist/tex/generic/pgf/pgf.revision.tex)
Package: pgfrcs 2025-08-29 v3.1.11a (3.1.11a)
))
Package: pgf 2025-08-29 v3.1.11a (3.1.11a)
(/Users/kenjimyzk/Library/TinyTeX/texmf-dist/tex/latex/pgf/basiclayer/pgfcore.sty (/Users/kenjimyzk/Library/TinyTeX/texmf-dist/tex/latex/pgf/systemlayer/pgfsys.sty (/Users/kenjimyzk/Library/TinyTeX/texmf-dist/tex/generic/pgf/systemlayer/pgfsys.code.tex
Package: pgfsys 2025-08-29 v3.1.11a (3.1.11a)
(/Users/kenjimyzk/Library/TinyTeX/texmf-dist/tex/generic/pgf/utilities/pgfkeys.code.tex
\pgfkeys@pathtoks=\toks38
\pgfkeys@temptoks=\toks39
(/Users/kenjimyzk/Library/TinyTeX/texmf-dist/tex/generic/pgf/utilities/pgfkeyslibraryfiltered.code.tex
\pgfkeys@tmptoks=\toks40
))
\pgf@x=\dimen265
\pgf@y=\dimen266
\pgf@xa=\dimen267
\pgf@ya=\dimen268
\pgf@xb=\dimen269
\pgf@yb=\dimen270
\pgf@xc=\dimen271
\pgf@yc=\dimen272
\pgf@xd=\dimen273
\pgf@yd=\dimen274
\w@pgf@writea=\write3
\r@pgf@reada=\read4
\c@pgf@counta=\count337
\c@pgf@countb=\count338
\c@pgf@countc=\count339
\c@pgf@countd=\count340
\t@pgf@toka=\toks41
\t@pgf@tokb=\toks42
\t@pgf@tokc=\toks43
\pgf@sys@id@count=\count341
(/Users/kenjimyzk/Library/TinyTeX/texmf-dist/tex/generic/pgf/systemlayer/pgf.cfg
File: pgf.cfg 2025-08-29 v3.1.11a (3.1.11a)
)
Driver file for pgf: pgfsys-luatex.def
(/Users/kenjimyzk/Library/TinyTeX/texmf-dist/tex/generic/pgf/systemlayer/pgfsys-luatex.def
File: pgfsys-luatex.def 2025-08-29 v3.1.11a (3.1.11a)
(/Users/kenjimyzk/Library/TinyTeX/texmf-dist/tex/generic/pgf/systemlayer/pgfsys-common-pdf.def
File: pgfsys-common-pdf.def 2025-08-29 v3.1.11a (3.1.11a)
))) (/Users/kenjimyzk/Library/TinyTeX/texmf-dist/tex/generic/pgf/systemlayer/pgfsyssoftpath.code.tex
File: pgfsyssoftpath.code.tex 2025-08-29 v3.1.11a (3.1.11a)
\pgfsyssoftpath@smallbuffer@items=\count342
\pgfsyssoftpath@bigbuffer@items=\count343
) (/Users/kenjimyzk/Library/TinyTeX/texmf-dist/tex/generic/pgf/systemlayer/pgfsysprotocol.code.tex
File: pgfsysprotocol.code.tex 2025-08-29 v3.1.11a (3.1.11a)
)) (/Users/kenjimyzk/Library/TinyTeX/texmf-dist/tex/generic/pgf/basiclayer/pgfcore.code.tex
Package: pgfcore 2025-08-29 v3.1.11a (3.1.11a)
(/Users/kenjimyzk/Library/TinyTeX/texmf-dist/tex/generic/pgf/math/pgfmath.code.tex (/Users/kenjimyzk/Library/TinyTeX/texmf-dist/tex/generic/pgf/math/pgfmathutil.code.tex) (/Users/kenjimyzk/Library/TinyTeX/texmf-dist/tex/generic/pgf/math/pgfmathparser.code.tex
\pgfmath@dimen=\dimen275
\pgfmath@count=\count344
\pgfmath@box=\box84
\pgfmath@toks=\toks44
\pgfmath@stack@operand=\toks45
\pgfmath@stack@operation=\toks46
) (/Users/kenjimyzk/Library/TinyTeX/texmf-dist/tex/generic/pgf/math/pgfmathfunctions.code.tex) (/Users/kenjimyzk/Library/TinyTeX/texmf-dist/tex/generic/pgf/math/pgfmathfunctions.basic.code.tex) (/Users/kenjimyzk/Library/TinyTeX/texmf-dist/tex/generic/pgf/math/pgfmathfunctions.trigonometric.code.tex) (/Users/kenjimyzk/Library/TinyTeX/texmf-dist/tex/generic/pgf/math/pgfmathfunctions.random.code.tex) (/Users/kenjimyzk/Library/TinyTeX/texmf-dist/tex/generic/pgf/math/pgfmathfunctions.comparison.code.tex) (/Users/kenjimyzk/Library/TinyTeX/texmf-dist/tex/generic/pgf/math/pgfmathfunctions.base.code.tex) (/Users/kenjimyzk/Library/TinyTeX/texmf-dist/tex/generic/pgf/math/pgfmathfunctions.round.code.tex) (/Users/kenjimyzk/Library/TinyTeX/texmf-dist/tex/generic/pgf/math/pgfmathfunctions.misc.code.tex) (/Users/kenjimyzk/Library/TinyTeX/texmf-dist/tex/generic/pgf/math/pgfmathfunctions.integerarithmetics.code.tex) (/Users/kenjimyzk/Library/TinyTeX/texmf-dist/tex/generic/pgf/math/pgfmathcalc.code.tex) (/Users/kenjimyzk/Library/TinyTeX/texmf-dist/tex/generic/pgf/math/pgfmathfloat.code.tex
\c@pgfmathroundto@lastzeros=\count345
)) (/Users/kenjimyzk/Library/TinyTeX/texmf-dist/tex/generic/pgf/math/pgfint.code.tex) (/Users/kenjimyzk/Library/TinyTeX/texmf-dist/tex/generic/pgf/basiclayer/pgfcorepoints.code.tex
File: pgfcorepoints.code.tex 2025-08-29 v3.1.11a (3.1.11a)
\pgf@picminx=\dimen276
\pgf@picmaxx=\dimen277
\pgf@picminy=\dimen278
\pgf@picmaxy=\dimen279
\pgf@pathminx=\dimen280
\pgf@pathmaxx=\dimen281
\pgf@pathminy=\dimen282
\pgf@pathmaxy=\dimen283
\pgf@xx=\dimen284
\pgf@xy=\dimen285
\pgf@yx=\dimen286
\pgf@yy=\dimen287
\pgf@zx=\dimen288
\pgf@zy=\dimen289
) (/Users/kenjimyzk/Library/TinyTeX/texmf-dist/tex/generic/pgf/basiclayer/pgfcorepathconstruct.code.tex
File: pgfcorepathconstruct.code.tex 2025-08-29 v3.1.11a (3.1.11a)
\pgf@path@lastx=\dimen290
\pgf@path@lasty=\dimen291
) (/Users/kenjimyzk/Library/TinyTeX/texmf-dist/tex/generic/pgf/basiclayer/pgfcorepathusage.code.tex
File: pgfcorepathusage.code.tex 2025-08-29 v3.1.11a (3.1.11a)
\pgf@shorten@end@additional=\dimen292
\pgf@shorten@start@additional=\dimen293
) (/Users/kenjimyzk/Library/TinyTeX/texmf-dist/tex/generic/pgf/basiclayer/pgfcorescopes.code.tex
File: pgfcorescopes.code.tex 2025-08-29 v3.1.11a (3.1.11a)
\pgfpic=\box85
\pgf@hbox=\box86
\pgf@layerbox@main=\box87
\pgf@picture@serial@count=\count346
) (/Users/kenjimyzk/Library/TinyTeX/texmf-dist/tex/generic/pgf/basiclayer/pgfcoregraphicstate.code.tex
File: pgfcoregraphicstate.code.tex 2025-08-29 v3.1.11a (3.1.11a)
\pgflinewidth=\dimen294
) (/Users/kenjimyzk/Library/TinyTeX/texmf-dist/tex/generic/pgf/basiclayer/pgfcoretransformations.code.tex
File: pgfcoretransformations.code.tex 2025-08-29 v3.1.11a (3.1.11a)
\pgf@pt@x=\dimen295
\pgf@pt@y=\dimen296
\pgf@pt@temp=\dimen297
) (/Users/kenjimyzk/Library/TinyTeX/texmf-dist/tex/generic/pgf/basiclayer/pgfcorequick.code.tex
File: pgfcorequick.code.tex 2025-08-29 v3.1.11a (3.1.11a)
) (/Users/kenjimyzk/Library/TinyTeX/texmf-dist/tex/generic/pgf/basiclayer/pgfcoreobjects.code.tex
File: pgfcoreobjects.code.tex 2025-08-29 v3.1.11a (3.1.11a)
) (/Users/kenjimyzk/Library/TinyTeX/texmf-dist/tex/generic/pgf/basiclayer/pgfcorepathprocessing.code.tex
File: pgfcorepathprocessing.code.tex 2025-08-29 v3.1.11a (3.1.11a)
) (/Users/kenjimyzk/Library/TinyTeX/texmf-dist/tex/generic/pgf/basiclayer/pgfcorearrows.code.tex
File: pgfcorearrows.code.tex 2025-08-29 v3.1.11a (3.1.11a)
\pgfarrowsep=\dimen298
) (/Users/kenjimyzk/Library/TinyTeX/texmf-dist/tex/generic/pgf/basiclayer/pgfcoreshade.code.tex
File: pgfcoreshade.code.tex 2025-08-29 v3.1.11a (3.1.11a)
\pgf@max=\dimen299
\pgf@sys@shading@range@num=\count347
\pgf@shadingcount=\count348
) (/Users/kenjimyzk/Library/TinyTeX/texmf-dist/tex/generic/pgf/basiclayer/pgfcoreimage.code.tex
File: pgfcoreimage.code.tex 2025-08-29 v3.1.11a (3.1.11a)
) (/Users/kenjimyzk/Library/TinyTeX/texmf-dist/tex/generic/pgf/basiclayer/pgfcoreexternal.code.tex
File: pgfcoreexternal.code.tex 2025-08-29 v3.1.11a (3.1.11a)
\pgfexternal@startupbox=\box88
) (/Users/kenjimyzk/Library/TinyTeX/texmf-dist/tex/generic/pgf/basiclayer/pgfcorelayers.code.tex
File: pgfcorelayers.code.tex 2025-08-29 v3.1.11a (3.1.11a)
) (/Users/kenjimyzk/Library/TinyTeX/texmf-dist/tex/generic/pgf/basiclayer/pgfcoretransparency.code.tex
File: pgfcoretransparency.code.tex 2025-08-29 v3.1.11a (3.1.11a)
) (/Users/kenjimyzk/Library/TinyTeX/texmf-dist/tex/generic/pgf/basiclayer/pgfcorepatterns.code.tex
File: pgfcorepatterns.code.tex 2025-08-29 v3.1.11a (3.1.11a)
) (/Users/kenjimyzk/Library/TinyTeX/texmf-dist/tex/generic/pgf/basiclayer/pgfcorerdf.code.tex
File: pgfcorerdf.code.tex 2025-08-29 v3.1.11a (3.1.11a)
))) (/Users/kenjimyzk/Library/TinyTeX/texmf-dist/tex/generic/pgf/modules/pgfmoduleshapes.code.tex
File: pgfmoduleshapes.code.tex 2025-08-29 v3.1.11a (3.1.11a)
\pgfnodeparttextbox=\box89
) (/Users/kenjimyzk/Library/TinyTeX/texmf-dist/tex/generic/pgf/modules/pgfmoduleplot.code.tex
File: pgfmoduleplot.code.tex 2025-08-29 v3.1.11a (3.1.11a)
) (/Users/kenjimyzk/Library/TinyTeX/texmf-dist/tex/latex/pgf/compatibility/pgfcomp-version-0-65.sty
Package: pgfcomp-version-0-65 2025-08-29 v3.1.11a (3.1.11a)
\pgf@nodesepstart=\dimen300
\pgf@nodesepend=\dimen301
) (/Users/kenjimyzk/Library/TinyTeX/texmf-dist/tex/latex/pgf/compatibility/pgfcomp-version-1-18.sty
Package: pgfcomp-version-1-18 2025-08-29 v3.1.11a (3.1.11a)
)) (/Users/kenjimyzk/Library/TinyTeX/texmf-dist/tex/latex/pgf/utilities/pgffor.sty (/Users/kenjimyzk/Library/TinyTeX/texmf-dist/tex/latex/pgf/utilities/pgfkeys.sty (/Users/kenjimyzk/Library/TinyTeX/texmf-dist/tex/generic/pgf/utilities/pgfkeys.code.tex)) (/Users/kenjimyzk/Library/TinyTeX/texmf-dist/tex/latex/pgf/math/pgfmath.sty (/Users/kenjimyzk/Library/TinyTeX/texmf-dist/tex/generic/pgf/math/pgfmath.code.tex)) (/Users/kenjimyzk/Library/TinyTeX/texmf-dist/tex/generic/pgf/utilities/pgffor.code.tex
Package: pgffor 2025-08-29 v3.1.11a (3.1.11a)
\pgffor@iter=\dimen302
\pgffor@skip=\dimen303
\pgffor@stack=\toks47
\pgffor@toks=\toks48
)) (/Users/kenjimyzk/Library/TinyTeX/texmf-dist/tex/generic/pgf/frontendlayer/tikz/tikz.code.tex
Package: tikz 2025-08-29 v3.1.11a (3.1.11a)
(/Users/kenjimyzk/Library/TinyTeX/texmf-dist/tex/generic/pgf/libraries/pgflibraryplothandlers.code.tex
File: pgflibraryplothandlers.code.tex 2025-08-29 v3.1.11a (3.1.11a)
\pgf@plot@mark@count=\count349
\pgfplotmarksize=\dimen304
)
\tikz@lastx=\dimen305
\tikz@lasty=\dimen306
\tikz@lastxsaved=\dimen307
\tikz@lastysaved=\dimen308
\tikz@lastmovetox=\dimen309
\tikz@lastmovetoy=\dimen310
\tikzleveldistance=\dimen311
\tikzsiblingdistance=\dimen312
\tikz@figbox=\box90
\tikz@figbox@bg=\box91
\tikz@tempbox=\box92
\tikz@tempbox@bg=\box93
\tikztreelevel=\count350
\tikznumberofchildren=\count351
\tikznumberofcurrentchild=\count352
\tikz@fig@count=\count353
(/Users/kenjimyzk/Library/TinyTeX/texmf-dist/tex/generic/pgf/modules/pgfmodulematrix.code.tex
File: pgfmodulematrix.code.tex 2025-08-29 v3.1.11a (3.1.11a)
\pgfmatrixcurrentrow=\count354
\pgfmatrixcurrentcolumn=\count355
\pgf@matrix@numberofcolumns=\count356
)
\tikz@expandcount=\count357
(/Users/kenjimyzk/Library/TinyTeX/texmf-dist/tex/generic/pgf/frontendlayer/tikz/libraries/tikzlibrarytopaths.code.tex
File: tikzlibrarytopaths.code.tex 2025-08-29 v3.1.11a (3.1.11a)
))) (/Users/kenjimyzk/Library/TinyTeX/texmf-dist/tex/latex/tools/verbatim.sty
Package: verbatim 2024-01-22 v1.5x LaTeX2e package for verbatim enhancements
\every@verbatim=\toks49
\verbatim@line=\toks50
\verbatim@in@stream=\read5
) (/Users/kenjimyzk/Library/TinyTeX/texmf-dist/tex/latex/environ/environ.sty
Package: environ 2014/05/04 v0.3 A new way to define environments
(/Users/kenjimyzk/Library/TinyTeX/texmf-dist/tex/latex/trimspaces/trimspaces.sty
Package: trimspaces 2009/09/17 v1.1 Trim spaces around a token list
))
\tcb@titlebox=\box94
\tcb@upperbox=\box95
\tcb@lowerbox=\box96
\tcb@phantombox=\box97
\c@tcbbreakpart=\count358
\c@tcblayer=\count359
\c@tcolorbox@number=\count360
\l__tcobox_tmpa_box=\box98
\l__tcobox_tmpa_dim=\dimen313
\tcb@temp=\box99
\tcb@temp=\box100
\tcb@temp=\box101
\tcb@temp=\box102
(/Users/kenjimyzk/Library/TinyTeX/texmf-dist/tex/latex/tcolorbox/tcbskins.code.tex
Library (tcolorbox): 'tcbskins.code.tex' version '6.9.0'
(/Users/kenjimyzk/Library/TinyTeX/texmf-dist/tex/latex/tikzfill/tikzfill.image.sty
Package: tikzfill.image 2023/08/08 v1.0.1 Image filling library for TikZ
(/Users/kenjimyzk/Library/TinyTeX/texmf-dist/tex/latex/tikzfill/tikzfill-common.sty
Package: tikzfill-common 2023/08/08 v1.0.1 Auxiliary code for tikzfill
) (/Users/kenjimyzk/Library/TinyTeX/texmf-dist/tex/latex/tikzfill/tikzlibraryfill.image.code.tex
File: tikzlibraryfill.image.code.tex 2023/08/08 v1.0.1 Image filling library
\l__tikzfill_img_box=\box103
)) (/Users/kenjimyzk/Library/TinyTeX/texmf-dist/tex/latex/tcolorbox/tcbskinsjigsaw.code.tex
Library (tcolorbox): 'tcbskinsjigsaw.code.tex' version '6.9.0'
)) (/Users/kenjimyzk/Library/TinyTeX/texmf-dist/tex/latex/tcolorbox/tcbbreakable.code.tex
Library (tcolorbox): 'tcbbreakable.code.tex' version '6.9.0'
(/Users/kenjimyzk/Library/TinyTeX/texmf-dist/tex/latex/pdfcol/pdfcol.sty
Package: pdfcol 2022-09-21 v1.7 Handle new color stacks for pdfTeX (HO)
)
Package pdfcol Info: New color stack `tcb@breakable' = 1 on input line 23.
\tcb@testbox=\box104
\tcb@totalupperbox=\box105
\tcb@totallowerbox=\box106
)) (/Users/kenjimyzk/Library/TinyTeX/texmf-dist/tex/latex/fontawesome5/fontawesome5.sty
Package: fontawesome5 2022/05/02 v5.15.4 Font Awesome 5
(/Users/kenjimyzk/Library/TinyTeX/texmf-dist/tex/latex/fontawesome5/fontawesome5-utex-helper.sty
Package: fontawesome5-utex-helper 2022/05/02 v5.15.4 uTeX helper for fontawesome5
LaTeX Font Info:    Trying to load font information for TU+fontawesomefree on input line 69.
(/Users/kenjimyzk/Library/TinyTeX/texmf-dist/tex/latex/fontawesome5/tufontawesomefree.fd)(load cache: extra_fontawesome5free-solid.luc)
LaTeX Font Info:    Trying to load font information for TU+fontawesomebrands on input line 70.
(/Users/kenjimyzk/Library/TinyTeX/texmf-dist/tex/latex/fontawesome5/tufontawesomebrands.fd)(load cache: extra_fontawesome5brands-regular.luc))) (/Users/kenjimyzk/Library/TinyTeX/texmf-dist/tex/latex/caption/caption.sty
Package: caption 2023/08/05 v3.6o Customizing captions (AR)
(/Users/kenjimyzk/Library/TinyTeX/texmf-dist/tex/latex/caption/caption3.sty
Package: caption3 2023/07/31 v2.4d caption3 kernel (AR)
\caption@tempdima=\dimen314
\captionmargin=\dimen315
\caption@leftmargin=\dimen316
\caption@rightmargin=\dimen317
\caption@width=\dimen318
\caption@indent=\dimen319
\caption@parindent=\dimen320
\caption@hangindent=\dimen321
Package caption Info: Unknown document class (or package),
(caption)             standard defaults will be used.
Package caption Info: \@makecaption = \long macro:#1#2->{\small \advance \leftskip .0628\linewidth \advance \rightskip .0628\linewidth \vskip \abovecaptionskip \sbox \@tempboxa {#1{\hskip 1\zw }#2}\ifdim \wd \@tempboxa <\hsize \centering \fi #1{\hskip 1\zw }#2\par \vskip \belowcaptionskip } on input line 1175.
)

Package caption Warning: Unknown document class (or package),
(caption)                standard defaults will be used.
See the caption package documentation for explanation.

\c@caption@flags=\count361
\c@continuedfloat=\count362
Package caption Info: longtable package is loaded.
(/Users/kenjimyzk/Library/TinyTeX/texmf-dist/tex/latex/caption/ltcaption.sty
Package: ltcaption 2021/01/08 v1.4c longtable captions (AR)
)) (/Users/kenjimyzk/Library/TinyTeX/texmf-dist/tex/latex/float/float.sty
Package: float 2001/11/08 v1.3d Float enhancements (AL)
\c@float@type=\count363
\float@exts=\toks51
\float@box=\box107
\@float@everytoks=\toks52
\@floatcapt=\box108
)
\@float@every@codelisting=\toks53
\c@codelisting=\count364
(/Users/kenjimyzk/Library/TinyTeX/texmf-dist/tex/latex/caption/subcaption.sty
Package: subcaption 2023/07/28 v1.6b Sub-captions (AR)
Package caption Info: New subtype `subfigure' on input line 238.
\c@subfigure=\count365
Package caption Info: New subtype `subtable' on input line 238.
\c@subtable=\count366
) (/Users/kenjimyzk/Library/TinyTeX/texmf-dist/tex/latex/bookmark/bookmark.sty
Package: bookmark 2023-12-10 v1.31 PDF bookmarks (HO)
(/Users/kenjimyzk/Library/TinyTeX/texmf-dist/tex/latex/hyperref/hyperref.sty
Package: hyperref 2026-01-29 v7.01p Hypertext links for LaTeX
(/Users/kenjimyzk/Library/TinyTeX/texmf-dist/tex/generic/kvdefinekeys/kvdefinekeys.sty
Package: kvdefinekeys 2019-12-19 v1.6 Define keys (HO)
) (/Users/kenjimyzk/Library/TinyTeX/texmf-dist/tex/generic/pdfescape/pdfescape.sty
Package: pdfescape 2019/12/09 v1.15 Implements pdfTeX's escape features (HO)
) (/Users/kenjimyzk/Library/TinyTeX/texmf-dist/tex/latex/hycolor/hycolor.sty
Package: hycolor 2020-01-27 v1.10 Color options for hyperref/bookmark (HO)
) (/Users/kenjimyzk/Library/TinyTeX/texmf-dist/tex/latex/hyperref/nameref.sty
Package: nameref 2026-01-29 v2.58 Cross-referencing by name of section
(/Users/kenjimyzk/Library/TinyTeX/texmf-dist/tex/latex/refcount/refcount.sty
Package: refcount 2019/12/15 v3.6 Data extraction from label references (HO)
) (/Users/kenjimyzk/Library/TinyTeX/texmf-dist/tex/generic/gettitlestring/gettitlestring.sty
Package: gettitlestring 2019/12/15 v1.6 Cleanup title references (HO)
)
\c@section@level=\count367
) (/Users/kenjimyzk/Library/TinyTeX/texmf-dist/tex/generic/stringenc/stringenc.sty
Package: stringenc 2019/11/29 v1.12 Convert strings between diff. encodings (HO)
)
\@linkdim=\dimen322
\Hy@linkcounter=\count368
\Hy@pagecounter=\count369
(/Users/kenjimyzk/Library/TinyTeX/texmf-dist/tex/latex/hyperref/pd1enc.def
File: pd1enc.def 2026-01-29 v7.01p Hyperref: PDFDocEncoding definition (HO)
) (/Users/kenjimyzk/Library/TinyTeX/texmf-dist/tex/generic/intcalc/intcalc.sty
Package: intcalc 2019/12/15 v1.3 Expandable calculations with integers (HO)
)
\Hy@SavedSpaceFactor=\count370
(/Users/kenjimyzk/Library/TinyTeX/texmf-dist/tex/latex/hyperref/puenc.def
File: puenc.def 2026-01-29 v7.01p Hyperref: PDF Unicode definition (HO)
)
Package hyperref Info: Option `unicode' set `true' on input line 4072.
Package hyperref Info: Hyper figures OFF on input line 4201.
Package hyperref Info: Link nesting OFF on input line 4206.
Package hyperref Info: Hyper index ON on input line 4209.
Package hyperref Info: Plain pages OFF on input line 4216.
Package hyperref Info: Backreferencing OFF on input line 4221.
Package hyperref Info: Implicit mode ON; LaTeX internals redefined.
Package hyperref Info: Bookmarks ON on input line 4468.
\c@Hy@tempcnt=\count371
(/Users/kenjimyzk/Library/TinyTeX/texmf-dist/tex/latex/url/url.sty
\Urlmuskip=\muskip19
Package: url 2013/09/16  ver 3.4  Verb mode for urls, etc.
)
LaTeX Info: Redefining \url on input line 4807.
\XeTeXLinkMargin=\dimen323
(/Users/kenjimyzk/Library/TinyTeX/texmf-dist/tex/generic/bitset/bitset.sty
Package: bitset 2019/12/09 v1.3 Handle bit-vector datatype (HO)
(/Users/kenjimyzk/Library/TinyTeX/texmf-dist/tex/generic/bigintcalc/bigintcalc.sty
Package: bigintcalc 2019/12/15 v1.5 Expandable calculations on big integers (HO)
))
\Fld@menulength=\count372
\Field@Width=\dimen324
\Fld@charsize=\dimen325
Package hyperref Info: Hyper figures OFF on input line 6084.
Package hyperref Info: Link nesting OFF on input line 6089.
Package hyperref Info: Hyper index ON on input line 6092.
Package hyperref Info: backreferencing OFF on input line 6099.
Package hyperref Info: Link coloring OFF on input line 6104.
Package hyperref Info: Link coloring with OCG OFF on input line 6109.
Package hyperref Info: PDF/A mode OFF on input line 6114.
\Hy@abspage=\count373
\c@Item=\count374
\c@Hfootnote=\count375
)
Package hyperref Info: Driver (autodetected): hluatex.
(/Users/kenjimyzk/Library/TinyTeX/texmf-dist/tex/latex/hyperref/hluatex.def
File: hluatex.def 2026-01-29 v7.01p Hyperref driver for luaTeX
\Fld@listcount=\count376
\c@bookmark@seq@number=\count377
(/Users/kenjimyzk/Library/TinyTeX/texmf-dist/tex/latex/rerunfilecheck/rerunfilecheck.sty
Package: rerunfilecheck 2025-06-21 v1.11 Rerun checks for auxiliary files (HO)
(/Users/kenjimyzk/Library/TinyTeX/texmf-dist/tex/generic/uniquecounter/uniquecounter.sty
Package: uniquecounter 2019/12/15 v1.4 Provide unlimited unique counter (HO)
)
Package uniquecounter Info: New unique counter `rerunfilecheck' on input line 284.
)
\Hy@SectionHShift=\skip65
) (/Users/kenjimyzk/Library/TinyTeX/texmf-dist/tex/latex/bookmark/bkm-pdftex.def
File: bkm-pdftex.def 2023-12-10 v1.31 bookmark driver for pdfTeX and luaTeX (HO)
\BKM@id=\count378
))
Package hyperref Info: Option `colorlinks' set `true' on input line 195.
(/Users/kenjimyzk/Library/TinyTeX/texmf-dist/tex/luatex/luatexja/patches/lltjp-array.sty
Package: lltjp-array 2024-07-21 Patch to array for LuaTeX-ja
)

LaTeX Warning: Unused global option(s):
    [lualatex,ja].

(./lecture06.aux)
\openout1 = lecture06.aux

LaTeX Font Info:    Checking defaults for OML/cmm/m/it on input line 208.
LaTeX Font Info:    ... okay on input line 208.
LaTeX Font Info:    Checking defaults for OMS/cmsy/m/n on input line 208.
LaTeX Font Info:    ... okay on input line 208.
LaTeX Font Info:    Checking defaults for OT1/cmr/m/n on input line 208.
LaTeX Font Info:    ... okay on input line 208.
LaTeX Font Info:    Checking defaults for T1/cmr/m/n on input line 208.
LaTeX Font Info:    ... okay on input line 208.
LaTeX Font Info:    Checking defaults for TS1/cmr/m/n on input line 208.
LaTeX Font Info:    ... okay on input line 208.
LaTeX Font Info:    Checking defaults for TU/lmr/m/n on input line 208.
LaTeX Font Info:    ... okay on input line 208.
LaTeX Font Info:    Checking defaults for OMX/cmex/m/n on input line 208.
LaTeX Font Info:    ... okay on input line 208.
LaTeX Font Info:    Checking defaults for U/cmr/m/n on input line 208.
LaTeX Font Info:    ... okay on input line 208.
LaTeX Font Info:    Checking defaults for JY3/mc/m/n on input line 208.
LaTeX Font Info:    ... okay on input line 208.
LaTeX Font Info:    Checking defaults for JT3/mc/m/n on input line 208.
LaTeX Font Info:    ... okay on input line 208.
LaTeX Font Info:    Checking defaults for PD1/pdf/m/n on input line 208.
LaTeX Font Info:    ... okay on input line 208.
LaTeX Font Info:    Checking defaults for PU/pdf/m/n on input line 208.
LaTeX Font Info:    ... okay on input line 208.
(/Users/kenjimyzk/Library/TinyTeX/texmf-dist/tex/context/base/mkii/supp-pdf.mkii
[Loading MPS to PDF converter (version 2006.09.02).]
\scratchcounter=\count379
\scratchdimen=\dimen326
\scratchbox=\box109
\nofMPsegments=\count380
\nofMParguments=\count381
\everyMPshowfont=\toks54
\MPscratchCnt=\count382
\MPscratchDim=\dimen327
\MPnumerator=\count383
\makeMPintoPDFobject=\count384
\everyMPtoPDFconversion=\toks55
) (/Users/kenjimyzk/Library/TinyTeX/texmf-dist/tex/latex/epstopdf-pkg/epstopdf-base.sty
Package: epstopdf-base 2020-01-24 v2.11 Base part for package epstopdf
Package epstopdf-base Info: Redefining graphics rule for `.eps' on input line 485.
(/Users/kenjimyzk/Library/TinyTeX/texmf-dist/tex/latex/latexconfig/epstopdf-sys.cfg
File: epstopdf-sys.cfg 2010/07/13 v1.3 Configuration of (r)epstopdf for TeX Live
))
LaTeX Font Info:    Overwriting math alphabet `\mathrm' in version `normal'
(Font)                  OT1/lmr/m/n --> TU/lmr/m/n on input line 208.
LaTeX Font Info:    Overwriting math alphabet `\mathit' in version `normal'
(Font)                  OT1/lmr/m/it --> TU/lmr/m/it on input line 208.
LaTeX Font Info:    Overwriting math alphabet `\mathbf' in version `normal'
(Font)                  OT1/lmr/bx/n --> TU/lmr/bx/n on input line 208.
LaTeX Font Info:    Overwriting math alphabet `\mathsf' in version `normal'
(Font)                  OT1/lmss/m/n --> TU/lmss/m/n on input line 208.
LaTeX Font Info:    Overwriting math alphabet `\mathsf' in version `bold'
(Font)                  OT1/lmss/bx/n --> TU/lmss/bx/n on input line 208.
LaTeX Font Info:    Overwriting math alphabet `\mathtt' in version `normal'
(Font)                  OT1/lmtt/m/n --> TU/lmtt/m/n on input line 208.
LaTeX Font Info:    Overwriting math alphabet `\mathtt' in version `bold'
(Font)                  OT1/lmtt/m/n --> TU/lmtt/bx/n on input line 208.
LaTeX Font Info:    Calculating math sizes for size <11.99997> on input line 208.
(load cache: extra_latinmodernmath-regular.luc)

Package fontspec Info: 
(fontspec)             latinmodern-math scale = 0.9999970497297553.


Package fontspec Info: 
(fontspec)             latinmodern-math scale = 0.9999970497297553.


Package fontspec Info: 
(fontspec)             latinmodern-math scale = 0.9999970497297553.


Package fontspec Info: 
(fontspec)             Font family 'latinmodern-math.otf(0)' created for font
(fontspec)             'latinmodern-math.otf' with options
(fontspec)             [Scale=MatchLowercase,Renderer=Basic,BoldItalicFont={},ItalicFont={},SmallCapsFont={},Script=Math,RawFeature={mathfontdimen=xetex},BoldFont={latinmodern-math.otf}].
(fontspec)              
(fontspec)              This font family consists of the following NFSS
(fontspec)             series/shapes:
(fontspec)              
(fontspec)             - 'normal' (m/n) with NFSS spec.:
(fontspec)             <->s*[0.9999970497297553]"[latinmodern-math.otf]:mode=base;script=math;language=dflt;mathfontdimen=xetex;"
(fontspec)             - 'bold' (b/n) with NFSS spec.:
(fontspec)             <->s*[0.9999970497297553]"[latinmodern-math.otf]:mode=base;script=math;language=dflt;mathfontdimen=xetex;"

LaTeX Font Info:    Font shape `TU/latinmodern-math.otf(0)/m/n' will be
(Font)              scaled to size 10.0pt on input line 208.

Package fontspec Info: 
(fontspec)             latinmodern-math scale = 0.9999964596882403.


Package fontspec Info: 
(fontspec)             latinmodern-math scale = 0.9999964596882403.


Package fontspec Info: 
(fontspec)             latinmodern-math scale = 0.9999964596882403.


Package fontspec Info: 
(fontspec)             latinmodern-math scale = 0.9999964596882403.


Package fontspec Info: 
(fontspec)             latinmodern-math scale = 0.9999964596882403.


Package fontspec Info: 
(fontspec)             Font family 'latinmodern-math.otf(1)' created for font
(fontspec)             'latinmodern-math.otf' with options
(fontspec)             [Scale=MatchLowercase,Renderer=Basic,BoldItalicFont={},ItalicFont={},SmallCapsFont={},Script=Math,SizeFeatures={{Size=10.1999745-},{Size=7.199982-10.1999745,Font=latinmodern-math.otf,Style=MathScript},{Size=-7.199982,Font=latinmodern-math.otf,Style=MathScriptScript}},RawFeature={mathfontdimen=xetex},BoldFont={latinmodern-math.otf}].
(fontspec)              
(fontspec)              This font family consists of the following NFSS
(fontspec)             series/shapes:
(fontspec)              
(fontspec)             - 'normal' (m/n) with NFSS spec.:
(fontspec)             <10.1999745->s*[0.9999964596882403]"[latinmodern-math.otf]:mode=base;script=math;language=dflt;mathfontdimen=xetex;"<7.199982-10.1999745>s*[0.9999964596882403]"[latinmodern-math.otf]:mode=base;script=math;language=dflt;mathfontdimen=xetex;+ssty=0;"<-7.199982>s*[0.9999964596882403]"[latinmodern-math.otf]:mode=base;script=math;language=dflt;mathfontdimen=xetex;+ssty=1;"
(fontspec)             - 'bold' (b/n) with NFSS spec.:
(fontspec)             <->s*[0.9999964596882403]"[latinmodern-math.otf]:mode=base;script=math;language=dflt;mathfontdimen=xetex;"

LaTeX Font Info:    Font shape `TU/latinmodern-math.otf(1)/m/n' will be
(Font)              scaled to size 8.33336pt on input line 208.
LaTeX Font Info:    Encoding `OT1' has changed to `TU' for symbol font
(Font)              `operators' in the math version `normal' on input line 208.
LaTeX Font Info:    Overwriting symbol font `operators' in version `normal'
(Font)                  OT1/lmr/m/n --> TU/latinmodern-math.otf(1)/m/n on input line 208.
LaTeX Font Info:    Encoding `OT1' has changed to `TU' for symbol font
(Font)              `operators' in the math version `bold' on input line 208.
LaTeX Font Info:    Overwriting symbol font `operators' in version `bold'
(Font)                  OT1/lmr/bx/n --> TU/latinmodern-math.otf(1)/b/n on input line 208.

Package fontspec Info: 
(fontspec)             latinmodern-math scale = 0.9999970497297553.


Package fontspec Info: 
(fontspec)             latinmodern-math scale = 0.9999970497297553.


Package fontspec Info: 
(fontspec)             latinmodern-math scale = 0.9999970497297553.


Package fontspec Info: 
(fontspec)             latinmodern-math scale = 0.9999970497297553.


Package fontspec Info: 
(fontspec)             latinmodern-math scale = 0.9999970497297553.


Package fontspec Info: 
(fontspec)             Font family 'latinmodern-math.otf(2)' created for font
(fontspec)             'latinmodern-math.otf' with options
(fontspec)             [Scale=MatchLowercase,Renderer=Basic,BoldItalicFont={},ItalicFont={},SmallCapsFont={},Script=Math,SizeFeatures={{Size=10.1999745-},{Size=7.199982-10.1999745,Font=latinmodern-math.otf,Style=MathScript},{Size=-7.199982,Font=latinmodern-math.otf,Style=MathScriptScript}},RawFeature={mathfontdimen=xetex},BoldFont={latinmodern-math.otf},RawFeature={mathfontdimen=tex2}].
(fontspec)              
(fontspec)              This font family consists of the following NFSS
(fontspec)             series/shapes:
(fontspec)              
(fontspec)             - 'normal' (m/n) with NFSS spec.:
(fontspec)             <10.1999745->s*[0.9999970497297553]"[latinmodern-math.otf]:mode=base;script=math;language=dflt;mathfontdimen=xetex;mathfontdimen=tex2;"<7.199982-10.1999745>s*[0.9999970497297553]"[latinmodern-math.otf]:mode=base;script=math;language=dflt;mathfontdimen=xetex;mathfontdimen=tex2;+ssty=0;"<-7.199982>s*[0.9999970497297553]"[latinmodern-math.otf]:mode=base;script=math;language=dflt;mathfontdimen=xetex;mathfontdimen=tex2;+ssty=1;"
(fontspec)             - 'bold' (b/n) with NFSS spec.:
(fontspec)             <->s*[0.9999970497297553]"[latinmodern-math.otf]:mode=base;script=math;language=dflt;mathfontdimen=xetex;mathfontdimen=tex2;"

LaTeX Font Info:    Encoding `OMS' has changed to `TU' for symbol font
(Font)              `symbols' in the math version `normal' on input line 208.
LaTeX Font Info:    Overwriting symbol font `symbols' in version `normal'
(Font)                  OMS/lmsy/m/n --> TU/latinmodern-math.otf(2)/m/n on input line 208.
LaTeX Font Info:    Encoding `OMS' has changed to `TU' for symbol font
(Font)              `symbols' in the math version `bold' on input line 208.
LaTeX Font Info:    Overwriting symbol font `symbols' in version `bold'
(Font)                  OMS/lmsy/b/n --> TU/latinmodern-math.otf(2)/b/n on input line 208.

Package fontspec Info: 
(fontspec)             latinmodern-math scale = 0.9999970497297553.


Package fontspec Info: 
(fontspec)             latinmodern-math scale = 0.9999970497297553.


Package fontspec Info: 
(fontspec)             latinmodern-math scale = 0.9999970497297553.


Package fontspec Info: 
(fontspec)             latinmodern-math scale = 0.9999970497297553.


Package fontspec Info: 
(fontspec)             latinmodern-math scale = 0.9999970497297553.


Package fontspec Info: 
(fontspec)             Font family 'latinmodern-math.otf(3)' created for font
(fontspec)             'latinmodern-math.otf' with options
(fontspec)             [Scale=MatchLowercase,Renderer=Basic,BoldItalicFont={},ItalicFont={},SmallCapsFont={},Script=Math,SizeFeatures={{Size=10.1999745-},{Size=7.199982-10.1999745,Font=latinmodern-math.otf,Style=MathScript},{Size=-7.199982,Font=latinmodern-math.otf,Style=MathScriptScript}},RawFeature={mathfontdimen=xetex},BoldFont={latinmodern-math.otf},RawFeature={mathfontdimen=tex3}].
(fontspec)              
(fontspec)              This font family consists of the following NFSS
(fontspec)             series/shapes:
(fontspec)              
(fontspec)             - 'normal' (m/n) with NFSS spec.:
(fontspec)             <10.1999745->s*[0.9999970497297553]"[latinmodern-math.otf]:mode=base;script=math;language=dflt;mathfontdimen=xetex;mathfontdimen=tex3;"<7.199982-10.1999745>s*[0.9999970497297553]"[latinmodern-math.otf]:mode=base;script=math;language=dflt;mathfontdimen=xetex;mathfontdimen=tex3;+ssty=0;"<-7.199982>s*[0.9999970497297553]"[latinmodern-math.otf]:mode=base;script=math;language=dflt;mathfontdimen=xetex;mathfontdimen=tex3;+ssty=1;"
(fontspec)             - 'bold' (b/n) with NFSS spec.:
(fontspec)             <->s*[0.9999970497297553]"[latinmodern-math.otf]:mode=base;script=math;language=dflt;mathfontdimen=xetex;mathfontdimen=tex3;"

LaTeX Font Info:    Encoding `OMX' has changed to `TU' for symbol font
(Font)              `largesymbols' in the math version `normal' on input line 208.
LaTeX Font Info:    Overwriting symbol font `largesymbols' in version `normal'
(Font)                  OMX/lmex/m/n --> TU/latinmodern-math.otf(3)/m/n on input line 208.
LaTeX Font Info:    Encoding `OMX' has changed to `TU' for symbol font
(Font)              `largesymbols' in the math version `bold' on input line 208.
LaTeX Font Info:    Overwriting symbol font `largesymbols' in version `bold'
(Font)                  OMX/lmex/m/n --> TU/latinmodern-math.otf(3)/b/n on input line 208.
LaTeX Font Info:    Font shape `TU/latinmodern-math.otf(1)/m/n' will be
(Font)              scaled to size 10.0pt on input line 208.
LaTeX Font Info:    Font shape `TU/latinmodern-math.otf(1)/m/n' will be
(Font)              scaled to size 7.0pt on input line 208.
LaTeX Font Info:    Font shape `TU/latinmodern-math.otf(1)/m/n' will be
(Font)              scaled to size 5.0pt on input line 208.
LaTeX Font Info:    Trying to load font information for OML+lmm on input line 208.
(/Users/kenjimyzk/Library/TinyTeX/texmf-dist/tex/latex/lm/omllmm.fd
File: omllmm.fd 2015/05/01 v1.6.1 Font defs for Latin Modern
)
LaTeX Font Info:    Font shape `TU/latinmodern-math.otf(2)/m/n' will be
(Font)              scaled to size 10.0pt on input line 208.
LaTeX Font Info:    Font shape `TU/latinmodern-math.otf(2)/m/n' will be
(Font)              scaled to size 7.0pt on input line 208.
LaTeX Font Info:    Font shape `TU/latinmodern-math.otf(2)/m/n' will be
(Font)              scaled to size 5.0pt on input line 208.
LaTeX Font Info:    Font shape `TU/latinmodern-math.otf(3)/m/n' will be
(Font)              scaled to size 10.0pt on input line 208.
LaTeX Font Info:    Font shape `TU/latinmodern-math.otf(3)/m/n' will be
(Font)              scaled to size 7.0pt on input line 208.
LaTeX Font Info:    Font shape `TU/latinmodern-math.otf(3)/m/n' will be
(Font)              scaled to size 5.0pt on input line 208.
LaTeX Font Info:    Font shape `JY3/mc/m/n' will be
(Font)              scaled to size 6.47299pt on input line 208.
LaTeX Font Info:    Font shape `JY3/mc/m/n' will be
(Font)              scaled to size 4.62357pt on input line 208.
LaTeX Font Info:    Trying to load font information for U+msa on input line 208.
(/Users/kenjimyzk/Library/TinyTeX/texmf-dist/tex/latex/amsfonts/umsa.fd
File: umsa.fd 2013/01/14 v3.01 AMS symbols A
)
LaTeX Font Info:    Trying to load font information for U+msb on input line 208.
(/Users/kenjimyzk/Library/TinyTeX/texmf-dist/tex/latex/amsfonts/umsb.fd
File: umsb.fd 2013/01/14 v3.01 AMS symbols B
)
LaTeX Info: Redefining \microtypecontext on input line 208.
Package microtype Info: Applying patch `item' on input line 208.
Package microtype Info: Applying patch `toc' on input line 208.
Package microtype Info: Applying patch `eqnum' on input line 208.

Package microtype Warning: Unable to apply patch `footnote' on input line 208.

Package microtype Info: Applying patch `verbatim' on input line 208.
LaTeX Info: Redefining \microtypesetup on input line 208.
Package microtype Info: Generating PDF output.
Package microtype Info: Character protrusion enabled (level 2).
Package microtype Info: Using protrusion set `basicmath'.
Package microtype Info: Automatic font expansion enabled (level 2),
(microtype)             stretch: 20, shrink: 20, step: 1, non-selected.
Package microtype Info: Using default expansion set `alltext-nott'.
Package microtype Info: Patching command `\showhyphens'.
Package microtype Info: No adjustment of tracking.
Package microtype Info: No adjustment of spacing.
Package microtype Info: No adjustment of kerning.
(/Users/kenjimyzk/Library/TinyTeX/texmf-dist/tex/latex/microtype/mt-LatinModernRoman.cfg
File: mt-LatinModernRoman.cfg 2021/02/21 v1.1 microtype config. file: Latin Modern Roman (RS)
)
Removing  `ltj.adjust_icflag' from `hpack_filter'.
Removing  `ltj.set_stack_level' from `hpack_filter'.
Removing  `Babel.pre_otfload_h' from `hpack_filter'.
Removing  `ltj.main' from `hpack_filter'.
Removing  `luaotfload.harf.finalize_hlist' from `hpack_filter'.
Removing  `ltj.create_dir_whatsit' from `hpack_filter'.
Removing  `luaotfload.node_processor' from `hpack_filter'.
Inserting `Babel.math_box_dir' in `hpack_filter'.
Inserting `ltj.adjust_icflag' in `hpack_filter'.
Inserting `ltj.set_stack_level' in `hpack_filter'.
Inserting `Babel.pre_otfload_h' in `hpack_filter'.
Inserting `ltj.main' in `hpack_filter'.
Inserting `luaotfload.harf.finalize_hlist' in `hpack_filter'.
Inserting `ltj.create_dir_whatsit' in `hpack_filter'.
Inserting `luaotfload.node_processor' in `hpack_filter'.
Inserting `Babel.unset_atdir' in `pre_linebreak_filter'.
Inserting `Babel.unset_atdir' in `hpack_filter'.
Package caption Info: Begin \AtBeginDocument code.
Package caption Info: float package is loaded.
Package caption Info: hyperref package is loaded.
Package caption Info: End \AtBeginDocument code.
Package hyperref Info: Link coloring ON on input line 208.
(load cache: extra_lmroman17-regular.luc)
LaTeX Font Info:    Font shape `JT3/mc/m/n' will be
(Font)              scaled to size 15.97902pt on input line 210.
LaTeX Font Info:    Font shape `JY3/mc/m/n' will be
(Font)              scaled to size 15.97902pt on input line 210.
(load cache: extra_lmroman12-regular.luc)
LaTeX Font Info:    Font shape `JT3/mc/m/n' will be
(Font)              scaled to size 11.09656pt on input line 210.
LaTeX Font Info:    Font shape `JY3/mc/m/n' will be
(Font)              scaled to size 11.09656pt on input line 210.
LaTeX Font Info:    Calculating math sizes for size <14.39996> on input line 210.
LaTeX Font Info:    Font shape `TU/latinmodern-math.otf(1)/m/n' will be
(Font)              scaled to size 12.0pt on input line 210.
LaTeX Font Info:    Font shape `TU/latinmodern-math.otf(1)/m/n' will be
(Font)              scaled to size 8.39996pt on input line 210.
LaTeX Font Info:    Font shape `TU/latinmodern-math.otf(1)/m/n' will be
(Font)              scaled to size 6.0pt on input line 210.
LaTeX Font Info:    Font shape `TU/latinmodern-math.otf(2)/m/n' will be
(Font)              scaled to size 12.0pt on input line 210.
LaTeX Font Info:    Font shape `TU/latinmodern-math.otf(2)/m/n' will be
(Font)              scaled to size 8.39996pt on input line 210.
LaTeX Font Info:    Font shape `TU/latinmodern-math.otf(2)/m/n' will be
(Font)              scaled to size 6.0pt on input line 210.
LaTeX Font Info:    Font shape `TU/latinmodern-math.otf(3)/m/n' will be
(Font)              scaled to size 12.0pt on input line 210.
LaTeX Font Info:    Font shape `TU/latinmodern-math.otf(3)/m/n' will be
(Font)              scaled to size 8.39996pt on input line 210.
LaTeX Font Info:    Font shape `TU/latinmodern-math.otf(3)/m/n' will be
(Font)              scaled to size 6.0pt on input line 210.
LaTeX Font Info:    Font shape `JY3/mc/m/n' will be
(Font)              scaled to size 7.76755pt on input line 210.
LaTeX Font Info:    Font shape `JY3/mc/m/n' will be
(Font)              scaled to size 5.54828pt on input line 210.
(/Users/kenjimyzk/Library/TinyTeX/texmf-dist/tex/latex/microtype/mt-msa.cfg
File: mt-msa.cfg 2006/02/04 v1.1 microtype config. file: AMS symbols (a) (RS)
) (/Users/kenjimyzk/Library/TinyTeX/texmf-dist/tex/latex/microtype/mt-msb.cfg
File: mt-msb.cfg 2005/06/01 v1.0 microtype config. file: AMS symbols (b) (RS)
)
LaTeX Font Info:    Font shape `JT3/gt/m/n' will be
(Font)              scaled to size 9.24713pt on input line 214.
LaTeX Font Info:    Font shape `JY3/gt/m/n' will be
(Font)              scaled to size 9.24713pt on input line 214.
(load cache: extra_lmsans10-regular.luc)
Package microtype Info: Loading generic protrusion settings for font family
(microtype)             `lmss' (encoding: TU).
(microtype)             For optimal results, create family-specific settings.
(microtype)             See the microtype manual for details.
LaTeX Font Info:    Font shape `JT3/mc/m/n' will be
(Font)              scaled to size 13.31586pt on input line 214.
LaTeX Font Info:    Font shape `JY3/mc/m/n' will be
(Font)              scaled to size 13.31586pt on input line 214.
LaTeX Font Info:    Font shape `JT3/gt/m/n' will be
(Font)              scaled to size 13.31586pt on input line 214.
LaTeX Font Info:    Font shape `JY3/gt/m/n' will be
(Font)              scaled to size 13.31586pt on input line 214.
(load cache: extra_lmsans12-regular.luc) (./lecture06.toc)
\tf@toc=\write4

\openout4 = lecture06.toc
LaTeX Font Info:    Font shape `JT3/gt/m/n' will be
(Font)              scaled to size 11.09656pt on input line 219.
LaTeX Font Info:    Font shape `JY3/gt/m/n' will be
(Font)              scaled to size 11.09656pt on input line 219.
[1

{/Users/kenjimyzk/Library/TinyTeX/texmf-var/fonts/map/pdftex/updmap/pdftex.map}] [2]
<lecture06_files/mediabag/figures/lecture06/lecture06_overview_infographic.pdf, id=56, 843.15pt x 489.32813pt>
File: lecture06_files/mediabag/figures/lecture06/lecture06_overview_infographic.pdf Graphic file (type pdf)
<use lecture06_files/mediabag/figures/lecture06/lecture06_overview_infographic.pdf>
Package luatex.def Info: lecture06_files/mediabag/figures/lecture06/lecture06_overview_infographic.pdf  used on input line 261.
(luatex.def)             Requested size: 390.6069pt x 226.6915pt.
[3<./lecture06_files/mediabag/figures/lecture06/lecture06_overview_infographic.pdf>]
ignored error Infinite glue shrinkage found in box being split [4]
ignored error Infinite glue shrinkage found in box being split [5] [6] [7] (/Users/kenjimyzk/Library/TinyTeX/texmf-dist/tex/latex/microtype/mt-TU-empty.cfg
File: mt-TU-empty.cfg 2021/06/22 v1.1 microtype config. file: fonts with nonstandard glyph set (RS)
)
Overfull \hbox (30.16498pt too wide) detected at line 451
\TU/latinmodern-math.otf(1)/m/n/11.99997 𝐹(𝑋[], 𝑋[]) = [][] ,  𝑋[], 𝑋[] > 0,  0 < 𝜃 < 1,  𝜌 < 1,  𝜌 ≠ 0
 []

(load cache: extra_lmroman7-regular.luc)(load cache: extra_lmroman5-regular.luc)
Overfull \hbox (1.48706pt too wide) detected at line 454
\TU/latinmodern-math.otf(1)/m/n/11.99997 𝑀𝑅𝑇𝑆(𝑋[], 𝑋[]) ≡ [] = [] [][] ,  𝜎 ≡ [] = [].
 []

[8]
Overfull \hbox (64.50703pt too wide) detected at line 479
\TU/latinmodern-math.otf(1)/m/n/11.99997 𝑌[](𝑗) = [](𝑎[])𝐹([](𝑗), 𝑁[](𝑗)) = [](𝑎[])[](𝑗)[]𝑁[](𝑗)[] = [](𝑎[])𝑁[](𝑗)[],  [](𝑗) = 1.
 []


Overfull \hbox (43.71855pt too wide) detected at line 489
\TU/latinmodern-math.otf(1)/m/n/11.99997 ℒ[](𝑗) = []𝑌[] [][] − 𝑊[]𝑁[](𝑗) + 𝑀𝐶[](𝑗) [] .
 []

[9] [10]
LaTeX Font Info:    Font shape `JT3/mc/m/n' will be
(Font)              scaled to size 6.47299pt on input line 539.
LaTeX Font Info:    Font shape `JT3/mc/m/n' will be
(Font)              scaled to size 4.62357pt on input line 539.
[11] [12]
Overfull \hbox (23.88657pt too wide) detected at line 614
\TU/latinmodern-math.otf(1)/m/n/11.99997 𝐷[] ≡ [][] 𝐷[](𝑗)𝑑𝑗 = (1 + 𝜏[])𝑌[] − 𝑊[]𝑁[] − 𝑇𝑋[] = (1 + 𝜏[])𝑌[] − 𝑊[]𝑁[] − 𝜏[]𝑌[] = 𝑌[] − 𝑊[]𝑁[]
 []

[13] [14] [15]
Overfull \hbox (20.49805pt too wide) detected at line 711
\TU/latinmodern-math.otf(1)/m/n/11.99997 𝐷[] = 𝑌[] − 𝑊[]𝑁[] = [] 𝑌[] = (1 − 𝑀𝐶)𝑌[] + 𝛼𝑀𝐶𝑌[]
 []

[16] [17](load cache: extra_lmroman10-italic.luc)
LaTeX Font Info:    Font shape `JT3/gt/m/it' in size <10> not available
(Font)              Font shape `JT3/gt/m/n' tried instead on input line 804.
LaTeX Font Info:    Font shape `JT3/gt/m/n' will be
(Font)              scaled to size 7.70596pt on input line 804.
LaTeX Font Info:    Font shape `JY3/gt/m/it' in size <10> not available
(Font)              Font shape `JY3/gt/m/n' tried instead on input line 804.
LaTeX Font Info:    Font shape `JY3/gt/m/n' will be
(Font)              scaled to size 7.70596pt on input line 804.
[18] [19] [20] [21] (./lecture06.aux)
 ***********
LaTeX2e <2025-11-01>
L3 programming layer <2026-01-19>
 ***********
)

Here is how much of LuaTeX's memory you used:
 41764 strings out of 476076
 156562,1648299 words of node,token memory allocated
 3035 words of node memory still in use:
   11 hlist, 2 vlist, 5 rule, 1 local_par, 4 glue, 5 kern, 1 penalty, 1 margin_kern, 4 glyph, 1070 attribute, 63 glue_spec, 96 attribute_list, 2 write, 15 user_defined nodes
   avail lists: 1:19,2:42933,3:482,4:405,5:262,6:101,7:4095,8:70,9:1809,10:22,11:152
 63247 multiletter control sequences out of 65536+600000
 88 fonts using 73115175 bytes
 119i,9n,115p,8805b,1128s stack positions out of 10000i,1000n,20000p,200000b,200000s
</Users/kenjimyzk/Library/TinyTeX/texmf-dist/fonts/opentype/public/lm/lmroman10-italic.otf></Users/kenjimyzk/Library/TinyTeX/texmf-dist/fonts/opentype/public/fontawesome5/FontAwesome5Free-Solid-900.otf></Users/kenjimyzk/Library/TinyTeX/texmf-dist/fonts/opentype/public/lm-math/latinmodern-math.otf></Users/kenjimyzk/Library/TinyTeX/texmf-dist/fonts/opentype/public/lm/lmroman10-bold.otf></Users/kenjimyzk/Library/TinyTeX/texmf-dist/fonts/opentype/public/lm-math/latinmodern-math.otf></Users/kenjimyzk/Library/TinyTeX/texmf-dist/fonts/opentype/public/lm/lmsans12-regular.otf></Users/kenjimyzk/Library/TinyTeX/texmf-dist/fonts/opentype/public/lm/lmroman10-regular.otf></Users/kenjimyzk/Library/TinyTeX/texmf-dist/fonts/opentype/public/lm/lmsans10-regular.otf></Users/kenjimyzk/Library/TinyTeX/texmf-dist/fonts/opentype/public/haranoaji/HaranoAjiGothic-Medium.otf></Users/kenjimyzk/Library/TinyTeX/texmf-dist/fonts/opentype/public/lm/lmroman12-regular.otf></Users/kenjimyzk/Library/TinyTeX/texmf-dist/fonts/opentype/public/lm/lmroman17-regular.otf></Users/kenjimyzk/Library/TinyTeX/texmf-dist/fonts/opentype/public/haranoaji/HaranoAjiMincho-Regular.otf>
Output written on lecture06.pdf (21 pages, 423809 bytes).

PDF statistics: 419 PDF objects out of 1000 (max. 8388607)
 311 compressed objects within 4 object streams
 55 named destinations out of 1000 (max. 131072)
 104 words of extra memory for PDF output out of 10000 (max. 100000000)

